ObjectID,Title,Classification,Year,Epoch,Movement,Medium,ImageURL
9019.0,Organizatsiia proizvodstva pobeda nad kapitalisticheskim stroem (Organization of Production is Victory Over the Capitalist Regime),Print,1920,"1915–1939 (Авангард, Конструктивизм, Сюрреализм)","Авангард, Конструктивизм, Сюрреализм",Lithograph,https://www.moma.org/media/W1siZiIsIjUyOTg4NSJdLFsicCIsImNvbnZlcnQiLCItcmVzaXplIDEwMjR4MTAyNFx1MDAzZSJdXQ.jpg?sha=e14ab6f5841e9b1d
9020.0,"""Society of Monkeys"" diploma",Drawing,1922,"1915–1939 (Авангард, Конструктивизм, Сюрреализм)","Авангард, Конструктивизм, Сюрреализм","Watercolor, ink, cut-and-pasted colored and metallic papers and colored crayon",https://www.moma.org/media/W1siZiIsIjI0OTM4NiJdLFsicCIsImNvbnZlcnQiLCItcmVzaXplIDEwMjR4MTAyNFx1MDAzZSJdXQ.jpg?sha=1e03c92a8e11d6b4
9044.0,Self Portrait (Selbstbildnis) from Graphics of Capitalist Realism (Grafik des Kapitalistischen Realismus),Print,1971,"1960–1979 (Поп-арт, Минимализм, Концептуализм)","Поп-арт, Минимализм, Концептуализм","Offset lithograph from an illustrated book with suite of three screenprints, two offset lithographs, and one etching",https://www.moma.org/media/W1siZiIsIjI2NjYyNiJdLFsicCIsImNvbnZlcnQiLCItcmVzaXplIDEwMjR4MTAyNFx1MDAzZSJdXQ.jpg?sha=5061349bcc414dac
9069.0,Untitled (Suprematist Cross),Print,1920,"1915–1939 (Авангард, Конструктивизм, Сюрреализм)","Авангард, Конструктивизм, Сюрреализм",Linoleum cut,https://www.moma.org/media/W1siZiIsIjI0ODEzNiJdLFsicCIsImNvbnZlcnQiLCItcmVzaXplIDEwMjR4MTAyNFx1MDAzZSJdXQ.jpg?sha=2cf45af1c7b174d2
9070.0,Untitled,Drawing,1919,"1915–1939 (Авангард, Конструктивизм, Сюрреализм)","Авангард, Конструктивизм, Сюрреализм",Pen and ink,https://www.moma.org/media/W1siZiIsIjUzMDY4MCJdLFsicCIsImNvbnZlcnQiLCItcmVzaXplIDEwMjR4MTAyNFx1MDAzZSJdXQ.jpg?sha=f2f4f3774bc91a4e
9072.0,Valia Zdanevich,Drawing,1923,"1915–1939 (Авангард, Конструктивизм, Сюрреализм)","Авангард, Конструктивизм, Сюрреализм","Collage with photograph, pencil and watercolor manuscript text.",https://www.moma.org/media/W1siZiIsIjUzMDY5NSJdLFsicCIsImNvbnZlcnQiLCItcmVzaXplIDEwMjR4MTAyNFx1MDAzZSJdXQ.jpg?sha=2a46f6a428a51dcd
9075.0,"Orpheus before Pluto and Proserpina (Orpheus vor Pluto und Proserpina) from the illustrated book Eurydikes Wiederkehr, Drei Gesänge (The Return of Eurydice, Three Cantos)",Print,1909,"Начало XX в. (Модерн, Ранний авангард)","Модерн, Ранний авангард",Lithograph,https://www.moma.org/media/W1siZiIsIjExMjg3NyJdLFsicCIsImNvbnZlcnQiLCItcmVzaXplIDEwMjR4MTAyNFx1MDAzZSJdXQ.jpg?sha=b91a47e9e8133f7e
9076.0,Plate (folio 2) from One Day,Print,1971,"1960–1979 (Поп-арт, Минимализм, Концептуализм)","Поп-арт, Минимализм, Концептуализм",Soft ground etching and aquatint from a portfolio of seven soft ground etchings and screenprinted reproductions with texts,https://www.moma.org/media/W1siZiIsIjIyMzgwNyJdLFsicCIsImNvbnZlcnQiLCItcmVzaXplIDEwMjR4MTAyNFx1MDAzZSJdXQ.jpg?sha=532feeb6fb3c0bb4
9077.0,One Day,Print,1971,"1960–1979 (Поп-арт, Минимализм, Концептуализм)","Поп-арт, Минимализм, Концептуализм",Portfolio of seven soft ground etchings and screenprinted reproductions with texts,https://www.moma.org/media/W1siZiIsIjIyMzgwNiJdLFsicCIsImNvbnZlcnQiLCItcmVzaXplIDEwMjR4MTAyNFx1MDAzZSJdXQ.jpg?sha=54927b9fe9a8e3c5
9078.0,Plate (folio 4) from One Day,Print,1971,"1960–1979 (Поп-арт, Минимализм, Концептуализм)","Поп-арт, Минимализм, Концептуализм",Soft ground etching and aquatint from a portfolio of seven soft ground etchings and screenprinted reproductions with texts,https://www.moma.org/media/W1siZiIsIjIyMzgwOCJdLFsicCIsImNvbnZlcnQiLCItcmVzaXplIDEwMjR4MTAyNFx1MDAzZSJdXQ.jpg?sha=851c16a22a53f0cf
9079.0,Plate (folio 6) from One Day,Print,1971,"1960–1979 (Поп-арт, Минимализм, Концептуализм)","Поп-арт, Минимализм, Концептуализм",Soft ground etching and aquatint from a portfolio of seven soft ground etchings and screenprinted reproductions with texts,https://www.moma.org/media/W1siZiIsIjIyMzgwOSJdLFsicCIsImNvbnZlcnQiLCItcmVzaXplIDEwMjR4MTAyNFx1MDAzZSJdXQ.jpg?sha=c4b2cc0dd3d02bf8
9080.0,Plate (folio 8) from One Day,Print,1971,"1960–1979 (Поп-арт, Минимализм, Концептуализм)","Поп-арт, Минимализм, Концептуализм",Soft ground etching and aquatint from a portfolio of seven soft ground etchings and screenprinted reproductions with texts,https://www.moma.org/media/W1siZiIsIjIyMzgxMCJdLFsicCIsImNvbnZlcnQiLCItcmVzaXplIDEwMjR4MTAyNFx1MDAzZSJdXQ.jpg?sha=f86728d297f7ad5d
9081.0,Plate (folio 10) from One Day,Print,1971,"1960–1979 (Поп-арт, Минимализм, Концептуализм)","Поп-арт, Минимализм, Концептуализм",Soft ground etching and aquatint from a portfolio of seven soft ground etchings and screenprinted reproductions with texts,https://www.moma.org/media/W1siZiIsIjIyMzgxMSJdLFsicCIsImNvbnZlcnQiLCItcmVzaXplIDEwMjR4MTAyNFx1MDAzZSJdXQ.jpg?sha=9f089fe1ce658fb7
9082.0,Plate (folio 12) from One Day,Print,1971,"1960–1979 (Поп-арт, Минимализм, Концептуализм)","Поп-арт, Минимализм, Концептуализм",Soft ground etching and aquatint from a portfolio of seven soft ground etchings and screenprinted reproductions with texts,https://www.moma.org/media/W1siZiIsIjIyMzgxMiJdLFsicCIsImNvbnZlcnQiLCItcmVzaXplIDEwMjR4MTAyNFx1MDAzZSJdXQ.jpg?sha=93867b9c10d01d55
9083.0,Plate (folio 14) from One Day,Print,1971,"1960–1979 (Поп-арт, Минимализм, Концептуализм)","Поп-арт, Минимализм, Концептуализм",Soft ground etching and aquatint from a portfolio of seven soft ground etchings and screenprinted reproductions with texts,https://www.moma.org/media/W1siZiIsIjIyMzgxMyJdLFsicCIsImNvbnZlcnQiLCItcmVzaXplIDEwMjR4MTAyNFx1MDAzZSJdXQ.jpg?sha=0149d6c5efba69f2
9085.0,"The Departure of Orpheus from his Mother (Abschied Orpheus' von der Mutter) from the illustrated book Eurydikes Wiederkehr, Drei Gesänge (The Return of Eurydice, Three Cantos)",Print,1909,"Начало XX в. (Модерн, Ранний авангард)","Модерн, Ранний авангард",Lithograph,https://www.moma.org/media/W1siZiIsIjExNTU2NCJdLFsicCIsImNvbnZlcnQiLCItcmVzaXplIDEwMjR4MTAyNFx1MDAzZSJdXQ.jpg?sha=dd4098a8655e7df1
9107.0,"Orpheus at the Shore II (Orpheus am Meer II) from the illustrated book Eurydikes Wiederkehr, Drei Gesänge (The Return of Eurydice, Three Cantos)",Print,1909,"Начало XX в. (Модерн, Ранний авангард)","Модерн, Ранний авангард",Lithograph,https://www.moma.org/media/W1siZiIsIjExMjg4MSJdLFsicCIsImNvbnZlcnQiLCItcmVzaXplIDEwMjR4MTAyNFx1MDAzZSJdXQ.jpg?sha=ba48f4916f128b07
9119.0,"Untitled anti-German propaganda poster from the First World War, (""The Battle of Sokal"")",Print,1914,"Начало XX в. (Модерн, Ранний авангард)","Модерн, Ранний авангард",Lithograph,https://www.moma.org/media/W1siZiIsIjI0NzMyMiJdLFsicCIsImNvbnZlcnQiLCItcmVzaXplIDEwMjR4MTAyNFx1MDAzZSJdXQ.jpg?sha=4c43b099dd9f63ad
9120.0,Untitled (Futurist Landscape),Drawing,1913,"Начало XX в. (Модерн, Ранний авангард)","Модерн, Ранний авангард",Pen and ink on paper,https://www.moma.org/media/W1siZiIsIjUyOTk3NyJdLFsicCIsImNvbnZlcnQiLCItcmVzaXplIDEwMjR4MTAyNFx1MDAzZSJdXQ.jpg?sha=4245244f5d10a811
9162.0,Vil'gel'mova Karusel' (Wilhelm's Carousel),Print,1914,"Начало XX в. (Модерн, Ранний авангард)","Модерн, Ранний авангард",Lithograph,https://www.moma.org/media/W1siZiIsIjIxMDAyMyJdLFsicCIsImNvbnZlcnQiLCItcmVzaXplIDEwMjR4MTAyNFx1MDAzZSJdXQ.jpg?sha=5b165179ed1dad30
9226.0,Maquette for illustrations for Solntsa Potselui. Stikhi (Kiss of the Sun: Verse),Drawing,1914,"Начало XX в. (Модерн, Ранний авангард)","Модерн, Ранний авангард","Pastel, gouche, and ink on cut-and-pasted paper mounted on cut and pasted green construction paper mounted on red construction paper",https://www.moma.org/media/W1siZiIsIjI0ODEzOCJdLFsicCIsImNvbnZlcnQiLCItcmVzaXplIDEwMjR4MTAyNFx1MDAzZSJdXQ.jpg?sha=8576a41a5827e62f
9370.0,Untitled from Found Masks 1975–1978,Print,1975,"1960–1979 (Поп-арт, Минимализм, Концептуализм)","Поп-арт, Минимализм, Концептуализм",One from a portfolio of 29 photocopies,https://www.moma.org/media/W1siZiIsIjE4OTgxMyJdLFsicCIsImNvbnZlcnQiLCItcmVzaXplIDEwMjR4MTAyNFx1MDAzZSJdXQ.jpg?sha=c9ea5b64b4ecefbc
9371.0,Found Masks 1975–1978,Print,1975,"1960–1979 (Поп-арт, Минимализм, Концептуализм)","Поп-арт, Минимализм, Концептуализм",Portfolio of 29 photocopies,https://www.moma.org/media/W1siZiIsIjE5MjIxNSJdLFsicCIsImNvbnZlcnQiLCItcmVzaXplIDEwMjR4MTAyNFx1MDAzZSJdXQ.jpg?sha=4e02bf479b7dc05e
9372.0,Untitled from Found Masks 1975–1978,Print,1975,"1960–1979 (Поп-арт, Минимализм, Концептуализм)","Поп-арт, Минимализм, Концептуализм",One from a portfolio of 29 photocopies,https://www.moma.org/media/W1siZiIsIjE4OTgxNiJdLFsicCIsImNvbnZlcnQiLCItcmVzaXplIDEwMjR4MTAyNFx1MDAzZSJdXQ.jpg?sha=122001c03d2d57f4
9373.0,Untitled from Found Masks 1975–1978,Print,1975,"1960–1979 (Поп-арт, Минимализм, Концептуализм)","Поп-арт, Минимализм, Концептуализм",One from a portfolio of 29 photocopies,https://www.moma.org/media/W1siZiIsIjE4OTgxNyJdLFsicCIsImNvbnZlcnQiLCItcmVzaXplIDEwMjR4MTAyNFx1MDAzZSJdXQ.jpg?sha=17417d347d4ae5a6
9374.0,Untitled from Found Masks 1975–1978,Print,1975,"1960–1979 (Поп-арт, Минимализм, Концептуализм)","Поп-арт, Минимализм, Концептуализм",One from a portfolio of 29 photocopies,https://www.moma.org/media/W1siZiIsIjE4OTgxOCJdLFsicCIsImNvbnZlcnQiLCItcmVzaXplIDEwMjR4MTAyNFx1MDAzZSJdXQ.jpg?sha=d36a6f047b267389
9375.0,Untitled from Found Masks 1975–1978,Print,1975,"1960–1979 (Поп-арт, Минимализм, Концептуализм)","Поп-арт, Минимализм, Концептуализм",One from a portfolio of 29 photocopies,https://www.moma.org/media/W1siZiIsIjE4OTgxOSJdLFsicCIsImNvbnZlcnQiLCItcmVzaXplIDEwMjR4MTAyNFx1MDAzZSJdXQ.jpg?sha=914ec9b5d056508c
9376.0,Untitled from Found Masks 1975–1978,Print,1975,"1960–1979 (Поп-арт, Минимализм, Концептуализм)","Поп-арт, Минимализм, Концептуализм",One from a portfolio of 29 photocopies,https://www.moma.org/media/W1siZiIsIjE4OTgyMCJdLFsicCIsImNvbnZlcnQiLCItcmVzaXplIDEwMjR4MTAyNFx1MDAzZSJdXQ.jpg?sha=7aeede19579a69c1
9377.0,Untitled from Found Masks 1975–1978,Print,1975,"1960–1979 (Поп-арт, Минимализм, Концептуализм)","Поп-арт, Минимализм, Концептуализм",One from a portfolio of 29 photocopies,https://www.moma.org/media/W1siZiIsIjE4OTgyMSJdLFsicCIsImNvbnZlcnQiLCItcmVzaXplIDEwMjR4MTAyNFx1MDAzZSJdXQ.jpg?sha=ff159c0ab92bb0a7
9378.0,Untitled from Found Masks 1975–1978,Print,1975,"1960–1979 (Поп-арт, Минимализм, Концептуализм)","Поп-арт, Минимализм, Концептуализм",One from a portfolio of 29 photocopies,https://www.moma.org/media/W1siZiIsIjE5MjIxNyJdLFsicCIsImNvbnZlcnQiLCItcmVzaXplIDEwMjR4MTAyNFx1MDAzZSJdXQ.jpg?sha=8e1e8f473be364bd
9379.0,Untitled from Found Masks 1975–1978,Print,1975,"1960–1979 (Поп-арт, Минимализм, Концептуализм)","Поп-арт, Минимализм, Концептуализм",One from a portfolio of 29 photocopies,https://www.moma.org/media/W1siZiIsIjE4OTgyMiJdLFsicCIsImNvbnZlcnQiLCItcmVzaXplIDEwMjR4MTAyNFx1MDAzZSJdXQ.jpg?sha=bb726b8a93840f1d
9380.0,Untitled from Found Masks 1975–1978,Print,1975,"1960–1979 (Поп-арт, Минимализм, Концептуализм)","Поп-арт, Минимализм, Концептуализм",One from a portfolio of 29 photocopies,https://www.moma.org/media/W1siZiIsIjE4OTgyMyJdLFsicCIsImNvbnZlcnQiLCItcmVzaXplIDEwMjR4MTAyNFx1MDAzZSJdXQ.jpg?sha=8b89810fda289367
9381.0,Untitled from Found Masks 1975–1978,Print,1975,"1960–1979 (Поп-арт, Минимализм, Концептуализм)","Поп-арт, Минимализм, Концептуализм",One from a portfolio of 29 photocopies,https://www.moma.org/media/W1siZiIsIjE4OTgyNCJdLFsicCIsImNvbnZlcnQiLCItcmVzaXplIDEwMjR4MTAyNFx1MDAzZSJdXQ.jpg?sha=5d160ed0ca5bd2f1
9382.0,Untitled from Found Masks 1975–1978,Print,1975,"1960–1979 (Поп-арт, Минимализм, Концептуализм)","Поп-арт, Минимализм, Концептуализм",One from a portfolio of 29 photocopies,https://www.moma.org/media/W1siZiIsIjE5MjIxOCJdLFsicCIsImNvbnZlcnQiLCItcmVzaXplIDEwMjR4MTAyNFx1MDAzZSJdXQ.jpg?sha=f80f24b79110a33a
9383.0,Untitled from Found Masks 1975–1978,Print,1975,"1960–1979 (Поп-арт, Минимализм, Концептуализм)","Поп-арт, Минимализм, Концептуализм",One from a portfolio of 29 photocopies,https://www.moma.org/media/W1siZiIsIjE5MjIxOSJdLFsicCIsImNvbnZlcnQiLCItcmVzaXplIDEwMjR4MTAyNFx1MDAzZSJdXQ.jpg?sha=82e5b026b62a5b32
9384.0,Untitled from Found Masks 1975–1978,Print,1975,"1960–1979 (Поп-арт, Минимализм, Концептуализм)","Поп-арт, Минимализм, Концептуализм",One from a portfolio of 29 photocopies,https://www.moma.org/media/W1siZiIsIjE5MjIyMCJdLFsicCIsImNvbnZlcnQiLCItcmVzaXplIDEwMjR4MTAyNFx1MDAzZSJdXQ.jpg?sha=eb465e947d423b38
9385.0,Untitled from Found Masks 1975–1978,Print,1975,"1960–1979 (Поп-арт, Минимализм, Концептуализм)","Поп-арт, Минимализм, Концептуализм",One from a portfolio of 29 photocopies,https://www.moma.org/media/W1siZiIsIjE5MjIyMSJdLFsicCIsImNvbnZlcnQiLCItcmVzaXplIDEwMjR4MTAyNFx1MDAzZSJdXQ.jpg?sha=331bbdfa265405a3
9386.0,Untitled from Found Masks 1975–1978,Print,1975,"1960–1979 (Поп-арт, Минимализм, Концептуализм)","Поп-арт, Минимализм, Концептуализм",One from a portfolio of 29 photocopies,https://www.moma.org/media/W1siZiIsIjE5MjIyMiJdLFsicCIsImNvbnZlcnQiLCItcmVzaXplIDEwMjR4MTAyNFx1MDAzZSJdXQ.jpg?sha=5391d586d2163bfa
9387.0,Untitled from Found Masks 1975–1978,Print,1975,"1960–1979 (Поп-арт, Минимализм, Концептуализм)","Поп-арт, Минимализм, Концептуализм",One from a portfolio of 29 photocopies,https://www.moma.org/media/W1siZiIsIjE4OTgyNSJdLFsicCIsImNvbnZlcnQiLCItcmVzaXplIDEwMjR4MTAyNFx1MDAzZSJdXQ.jpg?sha=6aa3317a8973a49c
9388.0,Untitled from Found Masks 1975–1978,Print,1975,"1960–1979 (Поп-арт, Минимализм, Концептуализм)","Поп-арт, Минимализм, Концептуализм",One from a portfolio of 29 photocopies,https://www.moma.org/media/W1siZiIsIjE4OTgyNiJdLFsicCIsImNvbnZlcnQiLCItcmVzaXplIDEwMjR4MTAyNFx1MDAzZSJdXQ.jpg?sha=dac8462087f441cc
9389.0,Untitled from Found Masks 1975–1978,Print,1975,"1960–1979 (Поп-арт, Минимализм, Концептуализм)","Поп-арт, Минимализм, Концептуализм",One from a portfolio of 29 photocopies,https://www.moma.org/media/W1siZiIsIjE4OTgyNyJdLFsicCIsImNvbnZlcnQiLCItcmVzaXplIDEwMjR4MTAyNFx1MDAzZSJdXQ.jpg?sha=f722c6c85693154e
9390.0,Untitled from Found Masks 1975–1978,Print,1975,"1960–1979 (Поп-арт, Минимализм, Концептуализм)","Поп-арт, Минимализм, Концептуализм",One from a portfolio of 29 photocopies,https://www.moma.org/media/W1siZiIsIjE4OTgyOCJdLFsicCIsImNvbnZlcnQiLCItcmVzaXplIDEwMjR4MTAyNFx1MDAzZSJdXQ.jpg?sha=1166e74861510209
9391.0,Untitled from Found Masks 1975–1978,Print,1975,"1960–1979 (Поп-арт, Минимализм, Концептуализм)","Поп-арт, Минимализм, Концептуализм",One from a portfolio of 29 photocopies,https://www.moma.org/media/W1siZiIsIjE5MjIyMyJdLFsicCIsImNvbnZlcnQiLCItcmVzaXplIDEwMjR4MTAyNFx1MDAzZSJdXQ.jpg?sha=81b2926040e23c02
9392.0,Untitled from Found Masks 1975–1978,Print,1975,"1960–1979 (Поп-арт, Минимализм, Концептуализм)","Поп-арт, Минимализм, Концептуализм",One from a portfolio of 29 photocopies,https://www.moma.org/media/W1siZiIsIjE5MjIyNCJdLFsicCIsImNvbnZlcnQiLCItcmVzaXplIDEwMjR4MTAyNFx1MDAzZSJdXQ.jpg?sha=aa54ae3e0217f795
9393.0,Untitled from Found Masks 1975–1978,Print,1975,"1960–1979 (Поп-арт, Минимализм, Концептуализм)","Поп-арт, Минимализм, Концептуализм",One from a portfolio of 29 photocopies,https://www.moma.org/media/W1siZiIsIjE5MjIyNSJdLFsicCIsImNvbnZlcnQiLCItcmVzaXplIDEwMjR4MTAyNFx1MDAzZSJdXQ.jpg?sha=5670c4cdd70d8499
9394.0,Untitled from Found Masks 1975–1978,Print,1975,"1960–1979 (Поп-арт, Минимализм, Концептуализм)","Поп-арт, Минимализм, Концептуализм",One from a portfolio of 29 photocopies,https://www.moma.org/media/W1siZiIsIjE4OTgyOSJdLFsicCIsImNvbnZlcnQiLCItcmVzaXplIDEwMjR4MTAyNFx1MDAzZSJdXQ.jpg?sha=f1368075c8535756
9395.0,Untitled from Found Masks 1975–1978,Print,1975,"1960–1979 (Поп-арт, Минимализм, Концептуализм)","Поп-арт, Минимализм, Концептуализм",One from a portfolio of 29 photocopies,https://www.moma.org/media/W1siZiIsIjE4OTgzMCJdLFsicCIsImNvbnZlcnQiLCItcmVzaXplIDEwMjR4MTAyNFx1MDAzZSJdXQ.jpg?sha=7194855ad03d8e92
9396.0,Untitled from Found Masks 1975–1978,Print,1975,"1960–1979 (Поп-арт, Минимализм, Концептуализм)","Поп-арт, Минимализм, Концептуализм",One from a portfolio of 29 photocopies,https://www.moma.org/media/W1siZiIsIjE4OTgzMSJdLFsicCIsImNvbnZlcnQiLCItcmVzaXplIDEwMjR4MTAyNFx1MDAzZSJdXQ.jpg?sha=78559a82caf9f9b8
9397.0,Untitled from Found Masks 1975–1978,Print,1975,"1960–1979 (Поп-арт, Минимализм, Концептуализм)","Поп-арт, Минимализм, Концептуализм",One from a portfolio of 29 photocopies,https://www.moma.org/media/W1siZiIsIjE4OTgzMiJdLFsicCIsImNvbnZlcnQiLCItcmVzaXplIDEwMjR4MTAyNFx1MDAzZSJdXQ.jpg?sha=4153977d0ae2d836
9398.0,Untitled from Found Masks 1975–1978,Print,1975,"1960–1979 (Поп-арт, Минимализм, Концептуализм)","Поп-арт, Минимализм, Концептуализм",One from a portfolio of 29 photocopies,https://www.moma.org/media/W1siZiIsIjE4OTgzMyJdLFsicCIsImNvbnZlcnQiLCItcmVzaXplIDEwMjR4MTAyNFx1MDAzZSJdXQ.jpg?sha=86a4303aa3f99f23
9399.0,Untitled from Found Masks 1975–1978,Print,1975,"1960–1979 (Поп-арт, Минимализм, Концептуализм)","Поп-арт, Минимализм, Концептуализм",One from a portfolio of 29 photocopies,https://www.moma.org/media/W1siZiIsIjE5MjIyNiJdLFsicCIsImNvbnZlcnQiLCItcmVzaXplIDEwMjR4MTAyNFx1MDAzZSJdXQ.jpg?sha=e4a7fe0456a2f9d7
9550.0,Explanation I (Explication I) from Maria 1946,Print,1946,1940–1959 (Абстрактный экспрессионизм),Абстрактный экспрессионизм,Etching from a portfolio with nine etchings (four with aquatint and engraving and one with drypoint) and one engraving,https://www.moma.org/media/W1siZiIsIjE4OTg3MSJdLFsicCIsImNvbnZlcnQiLCItcmVzaXplIDEwMjR4MTAyNFx1MDAzZSJdXQ.jpg?sha=d596436209bd5b36
9551.0,Maria 1946,Print,1946,1940–1959 (Абстрактный экспрессионизм),Абстрактный экспрессионизм,"Portfolio with nine etchings (four with aquatint and engraving and one with drypoint), one engraving; and supplementary suite of nineteen collotype reproductions of sculptures",https://www.moma.org/media/W1siZiIsIjE4OTg3MiJdLFsicCIsImNvbnZlcnQiLCItcmVzaXplIDEwMjR4MTAyNFx1MDAzZSJdXQ.jpg?sha=8df0abc7b6b6b0e5
9552.0,Wrapper front from Maria 1946,Print,1946,1940–1959 (Абстрактный экспрессионизм),Абстрактный экспрессионизм,Engraving from a portfolio with nine etchings (four with aquatint and engraving and one with drypoint) and one engraving,https://www.moma.org/media/W1siZiIsIjE4OTg3NCJdLFsicCIsImNvbnZlcnQiLCItcmVzaXplIDEwMjR4MTAyNFx1MDAzZSJdXQ.jpg?sha=f99148c04e65e723
9553.0,Explanation II (Explication II) from Maria 1946,Print,1946,1940–1959 (Абстрактный экспрессионизм),Абстрактный экспрессионизм,Etching from a portfolio with nine etchings (four with aquatint and engraving and one with drypoint) and one engraving,https://www.moma.org/media/W1siZiIsIjE4OTg3NSJdLFsicCIsImNvbnZlcnQiLCItcmVzaXplIDEwMjR4MTAyNFx1MDAzZSJdXQ.jpg?sha=a9a542d2fe9ccf91
9554.0,Explanation III (Explication III) from Maria 1946,Print,1946,1940–1959 (Абстрактный экспрессионизм),Абстрактный экспрессионизм,Etching from a portfolio with nine etchings (four with aquatint and engraving and one with drypoint) and one engraving,https://www.moma.org/media/W1siZiIsIjE4OTg3NiJdLFsicCIsImNvbnZlcnQiLCItcmVzaXplIDEwMjR4MTAyNFx1MDAzZSJdXQ.jpg?sha=fbecab5de3970033
9555.0,Explanation IV (Explication IV) from Maria 1946,Print,1946,1940–1959 (Абстрактный экспрессионизм),Абстрактный экспрессионизм,Etching from a portfolio with nine etchings (four with aquatint and engraving and one with drypoint) and one engraving,https://www.moma.org/media/W1siZiIsIjE4OTg3NyJdLFsicCIsImNvbnZlcnQiLCItcmVzaXplIDEwMjR4MTAyNFx1MDAzZSJdXQ.jpg?sha=3543ee63fc237cf1
9556.0,Impossible from Maria 1946,Print,1946,1940–1959 (Абстрактный экспрессионизм),Абстрактный экспрессионизм,"Etching, aquatint, and engraving from a portfolio with nine etchings (four with aquatint and engraving and one with drypoint) and one engraving",https://www.moma.org/media/W1siZiIsIjE4OTg3OCJdLFsicCIsImNvbnZlcnQiLCItcmVzaXplIDEwMjR4MTAyNFx1MDAzZSJdXQ.jpg?sha=dc91472502ffa32a
9557.0,Without Echo (Sans-écho) from Maria 1946,Print,1946,1940–1959 (Абстрактный экспрессионизм),Абстрактный экспрессионизм,"Etching, aquatint, and engraving from a portfolio with nine etchings (four with aquatint and engraving and one with drypoint) and one engraving",https://www.moma.org/media/W1siZiIsIjE4OTg3OSJdLFsicCIsImNvbnZlcnQiLCItcmVzaXplIDEwMjR4MTAyNFx1MDAzZSJdXQ.jpg?sha=90cd7d2d19bcd4f2
9558.0,Implacable Place (Place à l'implacable) from Maria 1946,Print,1946,1940–1959 (Абстрактный экспрессионизм),Абстрактный экспрессионизм,"Etching, aquatint, and engraving from a portfolio with nine etchings (four with aquatint and engraving and one with drypoint) and one engraving",https://www.moma.org/media/W1siZiIsIjE4OTg4MCJdLFsicCIsImNvbnZlcnQiLCItcmVzaXplIDEwMjR4MTAyNFx1MDAzZSJdXQ.jpg?sha=da14da03883d610a
9559.0,Like a Vine (Comme une liane) from Maria 1946,Print,1946,1940–1959 (Абстрактный экспрессионизм),Абстрактный экспрессионизм,"Etching, aquatint, and engraving from a portfolio with nine etchings (four with aquatint and engraving and one with drypoint) and one engraving",https://www.moma.org/media/W1siZiIsIjE4OTg4MSJdLFsicCIsImNvbnZlcnQiLCItcmVzaXplIDEwMjR4MTAyNFx1MDAzZSJdXQ.jpg?sha=37c4cfdaa6a1781e
9560.0,Iacy from Maria 1946,Print,1946,1940–1959 (Абстрактный экспрессионизм),Абстрактный экспрессионизм,Etching and drypoint from a portfolio with nine etchings (four with aquatint and engraving and one with drypoint) and one engraving,https://www.moma.org/media/W1siZiIsIjE4OTg4MiJdLFsicCIsImNvbnZlcnQiLCItcmVzaXplIDEwMjR4MTAyNFx1MDAzZSJdXQ.jpg?sha=3da35349c1e0a119
9823.0,Fourteen Etchings 1,Print,1989,Конец XX в. (Постмодернизм),Постмодернизм,"One etching and aquatint from a portfolio of fourteen etching and aquatints thirteen with photogravure

",https://www.moma.org/media/W1siZiIsIjIzNzc1NCJdLFsicCIsImNvbnZlcnQiLCItcmVzaXplIDEwMjR4MTAyNFx1MDAzZSJdXQ.jpg?sha=116f85ed3d980438
9824.0,Fourteen Etchings,Print,1989,Конец XX в. (Постмодернизм),Постмодернизм,"Portfolio of fourteen etching and aquatints, thirteen with photogravure
",https://www.moma.org/media/W1siZiIsIjIzNzc1MyJdLFsicCIsImNvbnZlcnQiLCItcmVzaXplIDEwMjR4MTAyNFx1MDAzZSJdXQ.jpg?sha=e92db7c24525b64d
9825.0,Fourteen Etchings 10,Print,1989,Конец XX в. (Постмодернизм),Постмодернизм,"One etching, aquatint and photogravure from a portfolio of fourteen etching and aquatints thirteen with photogravure",https://www.moma.org/media/W1siZiIsIjIzNzc0NCJdLFsicCIsImNvbnZlcnQiLCItcmVzaXplIDEwMjR4MTAyNFx1MDAzZSJdXQ.jpg?sha=3aa2cb6d128a6643
9826.0,Fourteen Etchings 11,Print,1989,Конец XX в. (Постмодернизм),Постмодернизм,"One etching, aquatint and photogravure from a portfolio of fourteen etching and aquatints thirteen with photogravure",https://www.moma.org/media/W1siZiIsIjIzNzc0MyJdLFsicCIsImNvbnZlcnQiLCItcmVzaXplIDEwMjR4MTAyNFx1MDAzZSJdXQ.jpg?sha=e507d59d7c6c498b
9827.0,Fourteen Etchings 12,Print,1989,Конец XX в. (Постмодернизм),Постмодернизм,"One etching, aquatint and photogravure from a portfolio of fourteen etching and aquatints thirteen with photogravure",https://www.moma.org/media/W1siZiIsIjIzNzc0MiJdLFsicCIsImNvbnZlcnQiLCItcmVzaXplIDEwMjR4MTAyNFx1MDAzZSJdXQ.jpg?sha=fecdbb93698a0699
9828.0,Fourteen Etchings 13,Print,1989,Конец XX в. (Постмодернизм),Постмодернизм,"One etching, aquatint and photogravure from a portfolio of fourteen etching and aquatints thirteen with photogravure",https://www.moma.org/media/W1siZiIsIjIzNzc0MSJdLFsicCIsImNvbnZlcnQiLCItcmVzaXplIDEwMjR4MTAyNFx1MDAzZSJdXQ.jpg?sha=599d2d76e40ca6f1
9829.0,Fourteen Etchings 14,Print,1989,Конец XX в. (Постмодернизм),Постмодернизм,"One etching, aquatint and photogravure from a portfolio of fourteen etching and aquatints thirteen with photogravure",https://www.moma.org/media/W1siZiIsIjIzNzc0MCJdLFsicCIsImNvbnZlcnQiLCItcmVzaXplIDEwMjR4MTAyNFx1MDAzZSJdXQ.jpg?sha=7e1d06ccfb4d328a
9830.0,Fourteen Etchings 2,Print,1989,Конец XX в. (Постмодернизм),Постмодернизм,"One etching, aquatint and photogravure from a portfolio of fourteen etching and aquatints thirteen with photogravure",https://www.moma.org/media/W1siZiIsIjIzNzc1MiJdLFsicCIsImNvbnZlcnQiLCItcmVzaXplIDEwMjR4MTAyNFx1MDAzZSJdXQ.jpg?sha=06834e0161407f63
9831.0,Fourteen Etchings 3,Print,1989,Конец XX в. (Постмодернизм),Постмодернизм,"One etching, aquatint and photogravure from a portfolio of fourteen etching and aquatints thirteen with photogravure",https://www.moma.org/media/W1siZiIsIjIzNzc1MSJdLFsicCIsImNvbnZlcnQiLCItcmVzaXplIDEwMjR4MTAyNFx1MDAzZSJdXQ.jpg?sha=fd0478eee2b04007
9832.0,Fourteen Etchings 4,Print,1989,Конец XX в. (Постмодернизм),Постмодернизм,"One etching, aquatint and photogravure from a portfolio of fourteen etching and aquatints thirteen with photogravure",https://www.moma.org/media/W1siZiIsIjIzNzc1MCJdLFsicCIsImNvbnZlcnQiLCItcmVzaXplIDEwMjR4MTAyNFx1MDAzZSJdXQ.jpg?sha=6d26b7a434e65354
9833.0,Fourteen Etchings 5,Print,1989,Конец XX в. (Постмодернизм),Постмодернизм,"One etching, aquatint and photogravure from a portfolio of fourteen etching and aquatints thirteen with photogravure",https://www.moma.org/media/W1siZiIsIjIzNzc0OSJdLFsicCIsImNvbnZlcnQiLCItcmVzaXplIDEwMjR4MTAyNFx1MDAzZSJdXQ.jpg?sha=c13525aba4cc78e7
9834.0,Fourteen Etchings 6,Print,1989,Конец XX в. (Постмодернизм),Постмодернизм,"One etching, aquatint and photogravure from a portfolio of fourteen etching and aquatints thirteen with photogravure",https://www.moma.org/media/W1siZiIsIjIzNzc0OCJdLFsicCIsImNvbnZlcnQiLCItcmVzaXplIDEwMjR4MTAyNFx1MDAzZSJdXQ.jpg?sha=cc6d3d51ff625244
9835.0,Fourteen Etchings 7,Print,1989,Конец XX в. (Постмодернизм),Постмодернизм,"One etching, aquatint and photogravure from a portfolio of fourteen etching and aquatints thirteen with photogravure",https://www.moma.org/media/W1siZiIsIjIzNzc0NyJdLFsicCIsImNvbnZlcnQiLCItcmVzaXplIDEwMjR4MTAyNFx1MDAzZSJdXQ.jpg?sha=f12d3ed4454eaaec
9836.0,Fourteen Etchings 8,Print,1989,Конец XX в. (Постмодернизм),Постмодернизм,"One etching, aquatint and photogravure from a portfolio of fourteen etching and aquatints thirteen with photogravure",https://www.moma.org/media/W1siZiIsIjIzNzc0NiJdLFsicCIsImNvbnZlcnQiLCItcmVzaXplIDEwMjR4MTAyNFx1MDAzZSJdXQ.jpg?sha=dc76f0c44df91f6b
9837.0,Fourteen Etchings 9,Print,1989,Конец XX в. (Постмодернизм),Постмодернизм,"One etching, aquatint and photogravure from a portfolio of fourteen etching and aquatints thirteen with photogravure",https://www.moma.org/media/W1siZiIsIjIzNzc0NSJdLFsicCIsImNvbnZlcnQiLCItcmVzaXplIDEwMjR4MTAyNFx1MDAzZSJdXQ.jpg?sha=209f42deaa7398c9
10056.0,Natural History (Histoire naturelle),Print,1925,"1915–1939 (Авангард, Конструктивизм, Сюрреализм)","Авангард, Конструктивизм, Сюрреализм",Portfolio of thirty-four collotypes after frottage,https://www.moma.org/media/W1siZiIsIjE4MDAxNiJdLFsicCIsImNvbnZlcnQiLCItcmVzaXplIDEwMjR4MTAyNFx1MDAzZSJdXQ.jpg?sha=7b4fa7fab192f193
10140.0,The Bell Ringer or Map of the Ocean (Le Sonneur ou Carte de l'océan),Print,1950,1940–1959 (Абстрактный экспрессионизм),Абстрактный экспрессионизм,Etching,https://www.moma.org/media/W1siZiIsIjE2Mjc4MiJdLFsicCIsImNvbnZlcnQiLCItcmVzaXplIDEwMjR4MTAyNFx1MDAzZSJdXQ.jpg?sha=7d67210137defafd
10593.0,The Face of Woman (Des Gesicht des Weibes) from The Bound Columbus (Der gefesselte Columbus),Print,1916,"1915–1939 (Авангард, Конструктивизм, Сюрреализм)","Авангард, Конструктивизм, Сюрреализм",Lithograph from a portfolio of twelve lithographs,https://www.moma.org/media/W1siZiIsIjEyMjU1OCJdLFsicCIsImNvbnZlcnQiLCItcmVzaXplIDEwMjR4MTAyNFx1MDAzZSJdXQ.jpg?sha=ff3dcd053db40334
10594.0,The Bound Columbus (Der gefesselte Columbus),Print,1916,"1915–1939 (Авангард, Конструктивизм, Сюрреализм)","Авангард, Конструктивизм, Сюрреализм",Portfolio of twelve lithographs,https://www.moma.org/media/W1siZiIsIjEyMjU1OCJdLFsicCIsImNvbnZlcnQiLCItcmVzaXplIDEwMjR4MTAyNFx1MDAzZSJdXQ.jpg?sha=ff3dcd053db40334
10595.0,Woman Bent over Phantom (Weib über Schemen gebeugt) (plate 10) from The Bound Columbus (Der gefesselte Columbus),Print,1916,"1915–1939 (Авангард, Конструктивизм, Сюрреализм)","Авангард, Конструктивизм, Сюрреализм",Lithograph from a portfolio of twelve lithographs,https://www.moma.org/media/W1siZiIsIjEyMTk2MSJdLFsicCIsImNvbnZlcnQiLCItcmVzaXplIDEwMjR4MTAyNFx1MDAzZSJdXQ.jpg?sha=62dfbc1be8a4dbac
10596.0,Woman Triumphs over Corpse (Das Weib triumphiert über den Toten) (plate 11) from The Bound Columbus (Der gefesselte Columbus),Print,1916,"1915–1939 (Авангард, Конструктивизм, Сюрреализм)","Авангард, Конструктивизм, Сюрреализм",Lithograph from a portfolio of twelve lithographs,https://www.moma.org/media/W1siZiIsIjEyMTk2MiJdLFsicCIsImNvbnZlcnQiLCItcmVzaXplIDEwMjR4MTAyNFx1MDAzZSJdXQ.jpg?sha=070769d7f8bcdc7f
10597.0,The Clear Face (Das reine Gesicht) (plate 12) from The Bound Columbus (Der gefesselte Columbus),Print,1916,"1915–1939 (Авангард, Конструктивизм, Сюрреализм)","Авангард, Конструктивизм, Сюрреализм",Lithograph from a portfolio of twelve lithographs,https://www.moma.org/media/W1siZiIsIjEyMTk2NCJdLFsicCIsImNvbnZlcnQiLCItcmVzaXplIDEwMjR4MTAyNFx1MDAzZSJdXQ.jpg?sha=990a78fb8032894b
10598.0,The New Columbus and Saint George (Der neue Columbus und der heilige Georg) from The Bound Columbus (Der gefesselte Kolumbus),Print,1916,"1915–1939 (Авангард, Конструктивизм, Сюрреализм)","Авангард, Конструктивизм, Сюрреализм",Lithograph from a portfolio of twelve lithographs,https://www.moma.org/media/W1siZiIsIjEyMjU1OSJdLFsicCIsImNvbnZlcnQiLCItcmVzaXplIDEwMjR4MTAyNFx1MDAzZSJdXQ.jpg?sha=dbf8d57abd3b6a53
10599.0,The Last Judgement (Das jüngste Gericht) (plate 3) from The Bound Columbus (Der gefesselte Columbus),Print,1916,"1915–1939 (Авангард, Конструктивизм, Сюрреализм)","Авангард, Конструктивизм, Сюрреализм",Lithograph from a portfolio of twelve lithographs,https://www.moma.org/media/W1siZiIsIjEyMjU2MCJdLFsicCIsImNvbnZlcnQiLCItcmVzaXplIDEwMjR4MTAyNFx1MDAzZSJdXQ.jpg?sha=6537b381e320e3cd
10600.0,The Path to the Grave (Der Weg ins Grab) (plate 4) from The Bound Columbus (Der gefesselte Columbus),Print,1916,"1915–1939 (Авангард, Конструктивизм, Сюрреализм)","Авангард, Конструктивизм, Сюрреализм",Lithograph from a portfolio of twelve lithographs,https://www.moma.org/media/W1siZiIsIjEyMjU2MSJdLFsicCIsImNvbnZlcnQiLCItcmVzaXplIDEwMjR4MTAyNFx1MDAzZSJdXQ.jpg?sha=a8939e18a440d3eb
10601.0,Couple in Candlelight (Das Paar im Kerzenlicht) (plate 5) from The Bound Columbus (Der gefesselte Columbus),Print,1916,"1915–1939 (Авангард, Конструктивизм, Сюрреализм)","Авангард, Конструктивизм, Сюрреализм",Lithograph from a portfolio of twelve lithographs,https://www.moma.org/media/W1siZiIsIjEyMjU2MiJdLFsicCIsImNvbnZlcnQiLCItcmVzaXplIDEwMjR4MTAyNFx1MDAzZSJdXQ.jpg?sha=07df8cc46310d6cd
10602.0,The Apple of Eve (Der Apfel der Eva) (plate 6) from The Bound Columbus (Der gefesselte Columbus),Print,1916,"1915–1939 (Авангард, Конструктивизм, Сюрреализм)","Авангард, Конструктивизм, Сюрреализм",Lithograph from a portfolio of twelve lithographs,https://www.moma.org/media/W1siZiIsIjEzMzQ3MCJdLFsicCIsImNvbnZlcnQiLCItcmVzaXplIDEwMjR4MTAyNFx1MDAzZSJdXQ.jpg?sha=beae1496515d7eb5
10603.0,At the Crossroads (Am Scheidewege) (plate 7) from The Bound Columbus (Der gefesselte Columbus),Print,1916,"1915–1939 (Авангард, Конструктивизм, Сюрреализм)","Авангард, Конструктивизм, Сюрреализм",Lithograph from a portfolio of twelve lithographs,https://www.moma.org/media/W1siZiIsIjEyMjU2MyJdLFsicCIsImNvbnZlcnQiLCItcmVzaXplIDEwMjR4MTAyNFx1MDAzZSJdXQ.jpg?sha=8380d156e3989e21
10604.0,Man with Raised Arms and the Figure of Death (Der Mann mit erhobenen Armen und die Gestalt des Todes) (plate 8) from The Bound Columbus (Der gefesselte Columbus),Print,1916,"1915–1939 (Авангард, Конструктивизм, Сюрреализм)","Авангард, Конструктивизм, Сюрреализм",Lithograph from a portfolio of twelve lithographs,https://www.moma.org/media/W1siZiIsIjEyMjU2NCJdLFsicCIsImNvbnZlcnQiLCItcmVzaXplIDEwMjR4MTAyNFx1MDAzZSJdXQ.jpg?sha=d3f2aa02be4a636f
10605.0,Encounter (Begegnung) (plate 9) from The Bound Columbus (Der gefesselte Columbus),Print,1916,"1915–1939 (Авангард, Конструктивизм, Сюрреализм)","Авангард, Конструктивизм, Сюрреализм",Lithograph from a portfolio of twelve lithographs,https://www.moma.org/media/W1siZiIsIjEyMTk2MCJdLFsicCIsImNvbnZlcnQiLCItcmVzaXplIDEwMjR4MTAyNFx1MDAzZSJdXQ.jpg?sha=6cbfbb527681b2a4
10721.0,Traces Suspectes en Surface,Print,1972,"1960–1979 (Поп-арт, Минимализм, Концептуализм)","Поп-арт, Минимализм, Концептуализм",Illustrated book with twenty-six lithographs (including four colophon pages),https://www.moma.org/media/W1siZiIsIjU0OTU3MCJdLFsicCIsImNvbnZlcnQiLCItcmVzaXplIDEwMjR4MTAyNFx1MDAzZSJdXQ.jpg?sha=8ced40f20939c67f
10792.0,Reconciliation (for Parkett no. 9),Print,1986,Конец XX в. (Постмодернизм),Постмодернизм,Drypoint bound into journal,https://www.moma.org/media/W1siZiIsIjU0ODA5MyJdLFsicCIsImNvbnZlcnQiLCItcmVzaXplIDEwMjR4MTAyNFx1MDAzZSJdXQ.jpg?sha=6a5dcefbf30fd118
10877.0,Plate I from The Ring of Dawn Suite (Suite la bague d'aurore),Print,1957,1940–1959 (Абстрактный экспрессионизм),Абстрактный экспрессионизм,"Aquatint from a portfolio of twenty-four aquatints (including wrapper and variant print) (five with etching, two with engraving, two with drypoint, and one with pastel additions) and one etching",https://www.moma.org/media/W1siZiIsIjQ0MzkwMCJdLFsicCIsImNvbnZlcnQiLCItcmVzaXplIDEwMjR4MTAyNFx1MDAzZSJdXQ.jpg?sha=8b98677b2180e7aa
10878.0,The Ring of Dawn Suite (Suite la bague d'aurore),Print,1957,1940–1959 (Абстрактный экспрессионизм),Абстрактный экспрессионизм,"Portfolio of twenty-four aquatints (including wrapper and variant print) (five with etching, two with engraving, two with drypoint, and one with pastel additions) and one etching",https://www.moma.org/media/W1siZiIsIjQ0MzkwMSJdLFsicCIsImNvbnZlcnQiLCItcmVzaXplIDEwMjR4MTAyNFx1MDAzZSJdXQ.jpg?sha=1c04101555d7a8a1
10879.0,Plate X from The Ring of Dawn Suite (Suite la bague d'aurore),Print,1957,1940–1959 (Абстрактный экспрессионизм),Абстрактный экспрессионизм,"Aquatint from a portfolio of twenty-four aquatints (including wrapper and variant print) (five with etching, two with engraving, two with drypoint, and one with pastel additions) and one etching",https://www.moma.org/media/W1siZiIsIjQ0MzkwNiJdLFsicCIsImNvbnZlcnQiLCItcmVzaXplIDEwMjR4MTAyNFx1MDAzZSJdXQ.jpg?sha=7e0f9d1e30f34d73
10880.0,Plate XI from The Ring of Dawn Suite (Suite la bague d'aurore),Print,1957,1940–1959 (Абстрактный экспрессионизм),Абстрактный экспрессионизм,"Aquatint from a portfolio of twenty-four aquatints (including wrapper and variant print) (five with etching, two with engraving, two with drypoint, and one with pastel additions) and one etching",https://www.moma.org/media/W1siZiIsIjQ0MzkwNyJdLFsicCIsImNvbnZlcnQiLCItcmVzaXplIDEwMjR4MTAyNFx1MDAzZSJdXQ.jpg?sha=4e5bc4375f1027ea
10881.0,Plate XII from The Ring of Dawn Suite (Suite la bague d'aurore),Print,1957,1940–1959 (Абстрактный экспрессионизм),Абстрактный экспрессионизм,"Aquatint from a portfolio of twenty-four aquatints (including wrapper and variant print) (five with etching, two with engraving, two with drypoint, and one with pastel additions) and one etching",https://www.moma.org/media/W1siZiIsIjQ0MzkwOCJdLFsicCIsImNvbnZlcnQiLCItcmVzaXplIDEwMjR4MTAyNFx1MDAzZSJdXQ.jpg?sha=09305d0b9b261d45
10882.0,Plate XIII from The Ring of Dawn Suite (Suite la bague d'aurore),Print,1957,1940–1959 (Абстрактный экспрессионизм),Абстрактный экспрессионизм,"Aquatint from a portfolio of twenty-four aquatints (including wrapper and variant print) (five with etching, two with engraving, two with drypoint, and one with pastel additions) and one etching",https://www.moma.org/media/W1siZiIsIjQ0MzkwOSJdLFsicCIsImNvbnZlcnQiLCItcmVzaXplIDEwMjR4MTAyNFx1MDAzZSJdXQ.jpg?sha=fbc216b2fc7f72bf
10883.0,Plate XIV from The Ring of Dawn Suite (Suite la bague d'aurore),Print,1957,1940–1959 (Абстрактный экспрессионизм),Абстрактный экспрессионизм,"Aquatint from a portfolio of twenty-four aquatints (including wrapper and variant print) (five with etching, two with engraving, two with drypoint, and one with pastel additions) and one etching",https://www.moma.org/media/W1siZiIsIjQ0MzkxMCJdLFsicCIsImNvbnZlcnQiLCItcmVzaXplIDEwMjR4MTAyNFx1MDAzZSJdXQ.jpg?sha=c45692687d58111f
10884.0,Plate XV from The Ring of Dawn Suite (Suite la bague d'aurore),Print,1957,1940–1959 (Абстрактный экспрессионизм),Абстрактный экспрессионизм,"Aquatint from a portfolio of twenty-four aquatints (including wrapper and variant print) (five with etching, two with engraving, two with drypoint, and one with pastel additions) and one etching",https://www.moma.org/media/W1siZiIsIjQ0MzkxMSJdLFsicCIsImNvbnZlcnQiLCItcmVzaXplIDEwMjR4MTAyNFx1MDAzZSJdXQ.jpg?sha=5e60814f1d4573a7
10885.0,Plate XVI from The Ring of Dawn Suite (Suite la bague d'aurore),Print,1957,1940–1959 (Абстрактный экспрессионизм),Абстрактный экспрессионизм,"Aquatint and engraving from a portfolio of twenty-four aquatints (including wrapper and variant print) (five with etching, two with engraving, two with drypoint, and one with pastel additions) and one etching",https://www.moma.org/media/W1siZiIsIjQ0MzkxMiJdLFsicCIsImNvbnZlcnQiLCItcmVzaXplIDEwMjR4MTAyNFx1MDAzZSJdXQ.jpg?sha=22a53524d126edb0
10886.0,Plate XVII from The Ring of Dawn Suite (Suite la bague d'aurore),Print,1957,1940–1959 (Абстрактный экспрессионизм),Абстрактный экспрессионизм,"Aquatint and engraving from a portfolio of twenty-four aquatints (including wrapper and variant print) (five with etching, two with engraving, two with drypoint, and one with pastel additions) and one etching",https://www.moma.org/media/W1siZiIsIjQ0MzkxMyJdLFsicCIsImNvbnZlcnQiLCItcmVzaXplIDEwMjR4MTAyNFx1MDAzZSJdXQ.jpg?sha=dcab675697990976
10887.0,Plate XVIII from The Ring of Dawn Suite (Suite la bague d'aurore),Print,1957,1940–1959 (Абстрактный экспрессионизм),Абстрактный экспрессионизм,"Etching and aquatint from a portfolio of twenty-four aquatints (including wrapper and variant print) (five with etching, two with engraving, two with drypoint, and one with pastel additions) and one etching",https://www.moma.org/media/W1siZiIsIjQ0MzkxNCJdLFsicCIsImNvbnZlcnQiLCItcmVzaXplIDEwMjR4MTAyNFx1MDAzZSJdXQ.jpg?sha=f25205d206975de8
10888.0,Plate XIX from The Ring of Dawn Suite (Suite la bague d'aurore),Print,1957,1940–1959 (Абстрактный экспрессионизм),Абстрактный экспрессионизм,"Etching and aquatint from a portfolio of twenty-four aquatints (including wrapper and variant print) (five with etching, two with engraving, two with drypoint, and one with pastel additions) and one etching",https://www.moma.org/media/W1siZiIsIjQ0MzkxNSJdLFsicCIsImNvbnZlcnQiLCItcmVzaXplIDEwMjR4MTAyNFx1MDAzZSJdXQ.jpg?sha=6ecde34d93498f14
10889.0,Plate II from The Ring of Dawn Suite (Suite la bague d'aurore),Print,1957,1940–1959 (Абстрактный экспрессионизм),Абстрактный экспрессионизм,"Aquatint from a portfolio of twenty-four aquatints (including wrapper and variant print) (five with etching, two with engraving, two with drypoint, and one with pastel additions) and one etching",https://www.moma.org/media/W1siZiIsIjQ0MzkxNiJdLFsicCIsImNvbnZlcnQiLCItcmVzaXplIDEwMjR4MTAyNFx1MDAzZSJdXQ.jpg?sha=cd702931e8b4ec41
10890.0,Plate XX from The Ring of Dawn Suite (Suite la bague d'aurore),Print,1957,1940–1959 (Абстрактный экспрессионизм),Абстрактный экспрессионизм,"Etching and aquatint from a portfolio of twenty-four aquatints (including wrapper and variant print) (five with etching, two with engraving, two with drypoint, and one with pastel additions) and one etching",https://www.moma.org/media/W1siZiIsIjQ0MzkxNyJdLFsicCIsImNvbnZlcnQiLCItcmVzaXplIDEwMjR4MTAyNFx1MDAzZSJdXQ.jpg?sha=aff588799d8d1ec2
10891.0,Plate XXI from The Ring of Dawn Suite (Suite la bague d'aurore),Print,1957,1940–1959 (Абстрактный экспрессионизм),Абстрактный экспрессионизм,"Etching and aquatint from a portfolio of twenty-four aquatints (including wrapper and variant print) (five with etching, two with engraving, two with drypoint, and one with pastel additions) and one etching",https://www.moma.org/media/W1siZiIsIjQ0MzkxOCJdLFsicCIsImNvbnZlcnQiLCItcmVzaXplIDEwMjR4MTAyNFx1MDAzZSJdXQ.jpg?sha=209cccb2af846479
10892.0,Plate XXII from The Ring of Dawn Suite (Suite la bague d'aurore),Print,1957,1940–1959 (Абстрактный экспрессионизм),Абстрактный экспрессионизм,"Drypoint and aquatint from a portfolio of twenty-four aquatints (including wrapper and variant print) (five with etching, two with engraving, two with drypoint, and one with pastel additions) and one etching",https://www.moma.org/media/W1siZiIsIjQ0MzkxOSJdLFsicCIsImNvbnZlcnQiLCItcmVzaXplIDEwMjR4MTAyNFx1MDAzZSJdXQ.jpg?sha=cc6e4e702e46ce3e
10893.0,Table of plates from The Ring of Dawn Suite (Suite la bague d'aurore),Print,1957,1940–1959 (Абстрактный экспрессионизм),Абстрактный экспрессионизм,"Etching from a portfolio of twenty-four aquatints (including wrapper and variant print) (five with etching, two with engraving, two with drypoint, and one with pastel additions) and one etching",https://www.moma.org/media/W1siZiIsIjQ0MzkyMCJdLFsicCIsImNvbnZlcnQiLCItcmVzaXplIDEwMjR4MTAyNFx1MDAzZSJdXQ.jpg?sha=ba0c0c2a71a530e9
10894.0,Variant of plate VI from The Ring of Dawn Suite (Suite la bague d'aurore),Print,1957,1940–1959 (Абстрактный экспрессионизм),Абстрактный экспрессионизм,"Aquatint with pastel additions from a portfolio of twenty-four aquatints (including wrapper and variant print) (five with etching, two with engraving, two with drypoint, and one with pastel additions) and one etching",https://www.moma.org/media/W1siZiIsIjQ0MzkyMSJdLFsicCIsImNvbnZlcnQiLCItcmVzaXplIDEwMjR4MTAyNFx1MDAzZSJdXQ.jpg?sha=ffce92532b1900d0
10895.0,Wrapper front from The Ring of Dawn Suite (Suite la bague d'aurore),Print,1957,1940–1959 (Абстрактный экспрессионизм),Абстрактный экспрессионизм,"Etching, drypoint, and aquatint from a portfolio of twenty-four aquatints (including wrapper and variant print) (five with etching, two with engraving, two with drypoint, and one with pastel additions) and one etching",https://www.moma.org/media/W1siZiIsIjQ0MzkwMiJdLFsicCIsImNvbnZlcnQiLCItcmVzaXplIDEwMjR4MTAyNFx1MDAzZSJdXQ.jpg?sha=7f2b5ceef1ae319a
10896.0,Plate III from The Ring of Dawn Suite (Suite la bague d'aurore),Print,1957,1940–1959 (Абстрактный экспрессионизм),Абстрактный экспрессионизм,"Aquatint from a portfolio of twenty-four aquatints (including wrapper and variant print) (five with etching, two with engraving, two with drypoint, and one with pastel additions) and one etching",https://www.moma.org/media/W1siZiIsIjQ0MzkyMiJdLFsicCIsImNvbnZlcnQiLCItcmVzaXplIDEwMjR4MTAyNFx1MDAzZSJdXQ.jpg?sha=5ae963defde2f125
10897.0,Plate IV from The Ring of Dawn Suite (Suite la bague d'aurore),Print,1957,1940–1959 (Абстрактный экспрессионизм),Абстрактный экспрессионизм,"Aquatint from a portfolio of twenty-four aquatints (including wrapper and variant print) (five with etching, two with engraving, two with drypoint, and one with pastel additions) and one etching",https://www.moma.org/media/W1siZiIsIjQ0MzkyMyJdLFsicCIsImNvbnZlcnQiLCItcmVzaXplIDEwMjR4MTAyNFx1MDAzZSJdXQ.jpg?sha=ac447b79df072153
10898.0,Plate V from The Ring of Dawn Suite (Suite la bague d'aurore),Print,1957,1940–1959 (Абстрактный экспрессионизм),Абстрактный экспрессионизм,"Aquatint from a portfolio of twenty-four aquatints (including wrapper and variant print) (five with etching, two with engraving, two with drypoint, and one with pastel additions) and one etching",https://www.moma.org/media/W1siZiIsIjQ0MzkyNCJdLFsicCIsImNvbnZlcnQiLCItcmVzaXplIDEwMjR4MTAyNFx1MDAzZSJdXQ.jpg?sha=4964e707d3242527
10899.0,Plate VI from The Ring of Dawn Suite (Suite la bague d'aurore),Print,1957,1940–1959 (Абстрактный экспрессионизм),Абстрактный экспрессионизм,"Aquatint from a portfolio of twenty-four aquatints (including wrapper and variant print) (five with etching, two with engraving, two with drypoint, and one with pastel additions) and one etching",https://www.moma.org/media/W1siZiIsIjQ0MzkyNSJdLFsicCIsImNvbnZlcnQiLCItcmVzaXplIDEwMjR4MTAyNFx1MDAzZSJdXQ.jpg?sha=662eff59cf1b032a
10900.0,Plate VII from The Ring of Dawn Suite (Suite la bague d'aurore),Print,1957,1940–1959 (Абстрактный экспрессионизм),Абстрактный экспрессионизм,"Aquatint from a portfolio of twenty-four aquatints (including wrapper and variant print) (five with etching, two with engraving, two with drypoint, and one with pastel additions) and one etching",https://www.moma.org/media/W1siZiIsIjQ0MzkyNiJdLFsicCIsImNvbnZlcnQiLCItcmVzaXplIDEwMjR4MTAyNFx1MDAzZSJdXQ.jpg?sha=738b8679bf20a184
10901.0,Plate VIII from The Ring of Dawn Suite (Suite la bague d'aurore),Print,1957,1940–1959 (Абстрактный экспрессионизм),Абстрактный экспрессионизм,"Aquatint from a portfolio of twenty-four aquatints (including wrapper and variant print) (five with etching, two with engraving, two with drypoint, and one with pastel additions) and one etching",https://www.moma.org/media/W1siZiIsIjQ0MzkyNyJdLFsicCIsImNvbnZlcnQiLCItcmVzaXplIDEwMjR4MTAyNFx1MDAzZSJdXQ.jpg?sha=e22db89be071aca6
10902.0,Plate IX from The Ring of Dawn Suite (Suite la bague d'aurore),Print,1957,1940–1959 (Абстрактный экспрессионизм),Абстрактный экспрессионизм,"Aquatint from a portfolio of twenty-four aquatints (including wrapper and variant print) (five with etching, two with engraving, two with drypoint, and one with pastel additions) and one etching",https://www.moma.org/media/W1siZiIsIjQ0MzkyOCJdLFsicCIsImNvbnZlcnQiLCItcmVzaXplIDEwMjR4MTAyNFx1MDAzZSJdXQ.jpg?sha=cb458c3f0295f472
10998.0,"Untitled, plate 1 of 9, from the portfolio, Ode à Ma Mère",Print,1995,Конец XX в. (Постмодернизм),Постмодернизм,Drypoint,https://www.moma.org/media/W1siZiIsIjUyNzc3MSJdLFsicCIsImNvbnZlcnQiLCItcmVzaXplIDEwMjR4MTAyNFx1MDAzZSJdXQ.jpg?sha=bf871cf0de8eea25
11000.0,"Untitled, plate 2 of 9, from the portfolio, Ode à Ma Mère",Print,1995,Конец XX в. (Постмодернизм),Постмодернизм,"Drypoint, monotype, and embossing",https://www.moma.org/media/W1siZiIsIjE2MjkwMCJdLFsicCIsImNvbnZlcnQiLCItcmVzaXplIDEwMjR4MTAyNFx1MDAzZSJdXQ.jpg?sha=7733fdf18b074c9d
11001.0,"Untitled, plate 3 of 9, from the portfolio, Ode à ma mère",Print,1995,Конец XX в. (Постмодернизм),Постмодернизм,Drypoint,https://www.moma.org/media/W1siZiIsIjE2MjkwMSJdLFsicCIsImNvbnZlcnQiLCItcmVzaXplIDEwMjR4MTAyNFx1MDAzZSJdXQ.jpg?sha=78ca9c919ff9176c
11002.0,"Untitled, plate 4 of 9, from the portfolio, Ode à Ma Mère",Print,1995,Конец XX в. (Постмодернизм),Постмодернизм,Drypoint,https://www.moma.org/media/W1siZiIsIjE2MjkwMiJdLFsicCIsImNvbnZlcnQiLCItcmVzaXplIDEwMjR4MTAyNFx1MDAzZSJdXQ.jpg?sha=9d09ffe5d6a70139
11003.0,"Untitled, plate 5 of 9, from the portfolio, Ode à Ma Mère",Print,1995,Конец XX в. (Постмодернизм),Постмодернизм,Drypoint,https://www.moma.org/media/W1siZiIsIjE2MjkwMyJdLFsicCIsImNvbnZlcnQiLCItcmVzaXplIDEwMjR4MTAyNFx1MDAzZSJdXQ.jpg?sha=c5c707de609ace2f
11004.0,"Untitled, plate 6 of 9, from the portfolio, Ode à Ma Mère",Print,1995,Конец XX в. (Постмодернизм),Постмодернизм,Drypoint,https://www.moma.org/media/W1siZiIsIjE2MjkwNCJdLFsicCIsImNvbnZlcnQiLCItcmVzaXplIDEwMjR4MTAyNFx1MDAzZSJdXQ.jpg?sha=922cf2b18092a09d
11005.0,"Untitled, plate 7 of 9, from the portfolio, Ode à Ma Mère",Print,1995,Конец XX в. (Постмодернизм),Постмодернизм,Drypoint,https://www.moma.org/media/W1siZiIsIjE2MjkwNSJdLFsicCIsImNvbnZlcnQiLCItcmVzaXplIDEwMjR4MTAyNFx1MDAzZSJdXQ.jpg?sha=32cac58d7926e5be
11006.0,"Untitled, plate 8 of 9, from the portfolio, Ode à Ma Mère",Print,1995,Конец XX в. (Постмодернизм),Постмодернизм,Drypoint and roulette,https://www.moma.org/media/W1siZiIsIjUyNzc3MiJdLFsicCIsImNvbnZlcnQiLCItcmVzaXplIDEwMjR4MTAyNFx1MDAzZSJdXQ.jpg?sha=637f9afb821c27a9
11007.0,"Untitled, plate 9 of 9, from the portfolio, Ode à Ma Mère",Print,1995,Конец XX в. (Постмодернизм),Постмодернизм,Drypoint,https://www.moma.org/media/W1siZiIsIjUyNzc3MyJdLFsicCIsImNvbnZlcnQiLCItcmVzaXplIDEwMjR4MTAyNFx1MDAzZSJdXQ.jpg?sha=af4efab622c47c26
11612.0,Elderly Men (Ältere Herren) from Das graphische Werk von Emil Nolde 1920-1925,Print,1926,"1915–1939 (Авангард, Конструктивизм, Сюрреализм)","Авангард, Конструктивизм, Сюрреализм",Lithograph,https://www.moma.org/media/W1siZiIsIjExMzUyMiJdLFsicCIsImNvbnZlcnQiLCItcmVzaXplIDEwMjR4MTAyNFx1MDAzZSJdXQ.jpg?sha=2089cf59621b1f7d
11614.0,Mythical Creatures (Fabelwesen) from Das graphische Werk von Emil Nolde 1910-1925,Print,1926,"1915–1939 (Авангард, Конструктивизм, Сюрреализм)","Авангард, Конструктивизм, Сюрреализм",Lithograph,https://www.moma.org/media/W1siZiIsIjExMzUyMyJdLFsicCIsImNvbnZlcnQiLCItcmVzaXplIDEwMjR4MTAyNFx1MDAzZSJdXQ.jpg?sha=61e989541faefbda
11638.0,"Trial proof for Christ Laying On His Hands, rejected plate from Miserere",Print,1922,"1915–1939 (Авангард, Конструктивизм, Сюрреализм)","Авангард, Конструктивизм, Сюрреализм",Aquatint and drypoint with roulette over photogravure,https://www.moma.org/media/W1siZiIsIjIxOTg1NiJdLFsicCIsImNvbnZlcnQiLCItcmVzaXplIDEwMjR4MTAyNFx1MDAzZSJdXQ.jpg?sha=2a32d0bde475f2c3
11784.0,Cover for Babylone d'Allemagne,Print,1894,"Конец XIX в. (Импрессионизм, Постимпрессионизм)","Импрессионизм, Постимпрессионизм",Lithograph,https://www.moma.org/media/W1siZiIsIjUxNzQzOCJdLFsicCIsImNvbnZlcnQiLCItcmVzaXplIDEwMjR4MTAyNFx1MDAzZSJdXQ.jpg?sha=cee75f7287f0b5cc
12135.0,"Portfolio 1, Folder 1 from Formulation: Articulation",Print,1972,"1960–1979 (Поп-арт, Минимализм, Концептуализм)","Поп-арт, Минимализм, Концептуализм",Screenprinted folder from a two-part portfolio of 66 screenprinted folders,https://www.moma.org/media/W1siZiIsIjYyMDQ2OSJdLFsicCIsImNvbnZlcnQiLCItcmVzaXplIDEwMjR4MTAyNFx1MDAzZSJdXQ.jpg?sha=ac37896b2f66f754
12136.0,"Portfolio 1, Folder 2 from Formulation: Articulation",Print,1972,"1960–1979 (Поп-арт, Минимализм, Концептуализм)","Поп-арт, Минимализм, Концептуализм",Screenprinted folder from a two-part portfolio of 66 screenprinted folders,https://www.moma.org/media/W1siZiIsIjYyMDQ3MCJdLFsicCIsImNvbnZlcnQiLCItcmVzaXplIDEwMjR4MTAyNFx1MDAzZSJdXQ.jpg?sha=4e719d5dc6de05fc
12137.0,"Portfolio 1, Folder 3 from Formulation: Articulation",Print,1972,"1960–1979 (Поп-арт, Минимализм, Концептуализм)","Поп-арт, Минимализм, Концептуализм",Screenprinted folder from a two-part portfolio of 66 screenprinted folders,https://www.moma.org/media/W1siZiIsIjYyMDQ3MSJdLFsicCIsImNvbnZlcnQiLCItcmVzaXplIDEwMjR4MTAyNFx1MDAzZSJdXQ.jpg?sha=20e0f5a1abc5770f
12138.0,"Portfolio 1, Folder 4 from Formulation: Articulation",Print,1972,"1960–1979 (Поп-арт, Минимализм, Концептуализм)","Поп-арт, Минимализм, Концептуализм",Screenprinted folder from a two-part portfolio of 66 screenprinted folders,https://www.moma.org/media/W1siZiIsIjYyMDQ3MiJdLFsicCIsImNvbnZlcnQiLCItcmVzaXplIDEwMjR4MTAyNFx1MDAzZSJdXQ.jpg?sha=62e69a3a5eb02516
12139.0,"Portfolio 1, Folder 5 from Formulation: Articulation",Print,1972,"1960–1979 (Поп-арт, Минимализм, Концептуализм)","Поп-арт, Минимализм, Концептуализм",Screenprinted folder from a two-part portfolio of 66 screenprinted folders,https://www.moma.org/media/W1siZiIsIjYyMDQ3MyJdLFsicCIsImNvbnZlcnQiLCItcmVzaXplIDEwMjR4MTAyNFx1MDAzZSJdXQ.jpg?sha=61260eb4fc824c06
12140.0,"Portfolio 1, Folder 6 from Formulation: Articulation",Print,1972,"1960–1979 (Поп-арт, Минимализм, Концептуализм)","Поп-арт, Минимализм, Концептуализм",Screenprinted folder from a two-part portfolio of 66 screenprinted folders,https://www.moma.org/media/W1siZiIsIjYyMDQ3NCJdLFsicCIsImNvbnZlcnQiLCItcmVzaXplIDEwMjR4MTAyNFx1MDAzZSJdXQ.jpg?sha=2d37eccf8e576c7d
12141.0,"Portfolio 1, Folder 7 from Formulation: Articulation",Print,1972,"1960–1979 (Поп-арт, Минимализм, Концептуализм)","Поп-арт, Минимализм, Концептуализм",Screenprinted folder from a two-part portfolio of 66 screenprinted folders,https://www.moma.org/media/W1siZiIsIjYyMDQ3NSJdLFsicCIsImNvbnZlcnQiLCItcmVzaXplIDEwMjR4MTAyNFx1MDAzZSJdXQ.jpg?sha=8524dfee3846cd4a
12142.0,"Portfolio 1, Folder 8 from Formulation: Articulation",Print,1972,"1960–1979 (Поп-арт, Минимализм, Концептуализм)","Поп-арт, Минимализм, Концептуализм",Screenprinted folder from a two-part portfolio of 66 screenprinted folders,https://www.moma.org/media/W1siZiIsIjYyMDQ3NiJdLFsicCIsImNvbnZlcnQiLCItcmVzaXplIDEwMjR4MTAyNFx1MDAzZSJdXQ.jpg?sha=46ade534d0b00c98
12143.0,"Portfolio 1, Folder 9 from Formulation: Articulation",Print,1972,"1960–1979 (Поп-арт, Минимализм, Концептуализм)","Поп-арт, Минимализм, Концептуализм",Screenprinted folder from a two-part portfolio of 66 screenprinted folders,https://www.moma.org/media/W1siZiIsIjYyMDQ3NyJdLFsicCIsImNvbnZlcnQiLCItcmVzaXplIDEwMjR4MTAyNFx1MDAzZSJdXQ.jpg?sha=9873bf98dad679e3
12145.0,"Portfolio 1, Folder 11 from Formulation: Articulation",Print,1972,"1960–1979 (Поп-арт, Минимализм, Концептуализм)","Поп-арт, Минимализм, Концептуализм",Screenprinted folder from a two-part portfolio of 66 screenprinted folders,https://www.moma.org/media/W1siZiIsIjYyMDQ3OSJdLFsicCIsImNvbnZlcnQiLCItcmVzaXplIDEwMjR4MTAyNFx1MDAzZSJdXQ.jpg?sha=b0cb7bfaf391ad7d
12146.0,"Portfolio 1, Folder 12 from Formulation: Articulation",Print,1972,"1960–1979 (Поп-арт, Минимализм, Концептуализм)","Поп-арт, Минимализм, Концептуализм",Screenprinted folder from a two-part portfolio of 66 screenprinted folders,https://www.moma.org/media/W1siZiIsIjYyMDQ4MCJdLFsicCIsImNvbnZlcnQiLCItcmVzaXplIDEwMjR4MTAyNFx1MDAzZSJdXQ.jpg?sha=a8121b2bfff94d97
12147.0,"Portfolio 1, Folder 13 from Formulation: Articulation",Print,1972,"1960–1979 (Поп-арт, Минимализм, Концептуализм)","Поп-арт, Минимализм, Концептуализм",Screenprinted folder from a two-part portfolio of 66 screenprinted folders,https://www.moma.org/media/W1siZiIsIjYyMDQ4MSJdLFsicCIsImNvbnZlcnQiLCItcmVzaXplIDEwMjR4MTAyNFx1MDAzZSJdXQ.jpg?sha=d232a8320372df42
12148.0,"Portfolio 1, Folder 14 from Formulation: Articulation",Print,1972,"1960–1979 (Поп-арт, Минимализм, Концептуализм)","Поп-арт, Минимализм, Концептуализм",Screenprinted folder from a two-part portfolio of 66 screenprinted folders,https://www.moma.org/media/W1siZiIsIjYyMDQ4MiJdLFsicCIsImNvbnZlcnQiLCItcmVzaXplIDEwMjR4MTAyNFx1MDAzZSJdXQ.jpg?sha=a97c249d4451b6e7
12149.0,"Portfolio 1, Folder 15 from Formulation: Articulation",Print,1972,"1960–1979 (Поп-арт, Минимализм, Концептуализм)","Поп-арт, Минимализм, Концептуализм",Screenprinted folder from a two-part portfolio of 66 screenprinted folders,https://www.moma.org/media/W1siZiIsIjYyMDQ4MyJdLFsicCIsImNvbnZlcnQiLCItcmVzaXplIDEwMjR4MTAyNFx1MDAzZSJdXQ.jpg?sha=72ffa5ddfc9b6522
12150.0,"Portfolio 1, Folder 16 from Formulation: Articulation",Print,1972,"1960–1979 (Поп-арт, Минимализм, Концептуализм)","Поп-арт, Минимализм, Концептуализм",Screenprinted folder from a two-part portfolio of 66 screenprinted folders,https://www.moma.org/media/W1siZiIsIjYyMDQ4NCJdLFsicCIsImNvbnZlcnQiLCItcmVzaXplIDEwMjR4MTAyNFx1MDAzZSJdXQ.jpg?sha=a4255fbbbf46d687
12151.0,"Portfolio 1, Folder 17 from Formulation: Articulation",Print,1972,"1960–1979 (Поп-арт, Минимализм, Концептуализм)","Поп-арт, Минимализм, Концептуализм",Screenprinted folder from a two-part portfolio of 66 screenprinted folders,https://www.moma.org/media/W1siZiIsIjYyMDQ4NSJdLFsicCIsImNvbnZlcnQiLCItcmVzaXplIDEwMjR4MTAyNFx1MDAzZSJdXQ.jpg?sha=60b8011574f5b143
12152.0,"Portfolio 1, Folder 18 from Formulation: Articulation",Print,1972,"1960–1979 (Поп-арт, Минимализм, Концептуализм)","Поп-арт, Минимализм, Концептуализм",Screenprinted folder from a two-part portfolio of 66 screenprinted folders,https://www.moma.org/media/W1siZiIsIjYyMDQ4NiJdLFsicCIsImNvbnZlcnQiLCItcmVzaXplIDEwMjR4MTAyNFx1MDAzZSJdXQ.jpg?sha=5e2d4f0be1b83934
12153.0,"Portfolio 1, Folder 19 from Formulation: Articulation",Print,1972,"1960–1979 (Поп-арт, Минимализм, Концептуализм)","Поп-арт, Минимализм, Концептуализм",Screenprinted folder from a two-part portfolio of 66 screenprinted folders,https://www.moma.org/media/W1siZiIsIjYyMDQ4NyJdLFsicCIsImNvbnZlcnQiLCItcmVzaXplIDEwMjR4MTAyNFx1MDAzZSJdXQ.jpg?sha=ca2c3a21ac338374
12154.0,"Portfolio 1, Folder 20 from Formulation: Articulation",Print,1972,"1960–1979 (Поп-арт, Минимализм, Концептуализм)","Поп-арт, Минимализм, Концептуализм",Screenprinted folder from a two-part portfolio of 66 screenprinted folders,https://www.moma.org/media/W1siZiIsIjYyMDQ4OCJdLFsicCIsImNvbnZlcnQiLCItcmVzaXplIDEwMjR4MTAyNFx1MDAzZSJdXQ.jpg?sha=c6583da811ad40cb
12155.0,"Portfolio 1, Folder 21 from Formulation: Articulation",Print,1972,"1960–1979 (Поп-арт, Минимализм, Концептуализм)","Поп-арт, Минимализм, Концептуализм",Screenprinted folder from a two-part portfolio of 66 screenprinted folders,https://www.moma.org/media/W1siZiIsIjYyMDQ4OSJdLFsicCIsImNvbnZlcnQiLCItcmVzaXplIDEwMjR4MTAyNFx1MDAzZSJdXQ.jpg?sha=32b07b6d07aaefca
12156.0,"Portfolio 1, Folder 22 from Formulation: Articulation",Print,1972,"1960–1979 (Поп-арт, Минимализм, Концептуализм)","Поп-арт, Минимализм, Концептуализм",Screenprinted folder from a two-part portfolio of 66 screenprinted folders,https://www.moma.org/media/W1siZiIsIjYyMDQ5MCJdLFsicCIsImNvbnZlcnQiLCItcmVzaXplIDEwMjR4MTAyNFx1MDAzZSJdXQ.jpg?sha=988f5ccb435c918b
12157.0,"Portfolio 1, Folder 23 from Formulation: Articulation",Print,1972,"1960–1979 (Поп-арт, Минимализм, Концептуализм)","Поп-арт, Минимализм, Концептуализм",Screenprinted folder from a two-part portfolio of 66 screenprinted folders,https://www.moma.org/media/W1siZiIsIjYyMDQ5MSJdLFsicCIsImNvbnZlcnQiLCItcmVzaXplIDEwMjR4MTAyNFx1MDAzZSJdXQ.jpg?sha=3cde2555c32264b1
12158.0,"Portfolio 1, Folder 24 from Formulation: Articulation",Print,1972,"1960–1979 (Поп-арт, Минимализм, Концептуализм)","Поп-арт, Минимализм, Концептуализм",Screenprinted folder from a two-part portfolio of 66 screenprinted folders,https://www.moma.org/media/W1siZiIsIjYyMDQ5MiJdLFsicCIsImNvbnZlcnQiLCItcmVzaXplIDEwMjR4MTAyNFx1MDAzZSJdXQ.jpg?sha=84dbbf2fc2d8a878
12159.0,"Portfolio 1, Folder 25 from Formulation: Articulation",Print,1972,"1960–1979 (Поп-арт, Минимализм, Концептуализм)","Поп-арт, Минимализм, Концептуализм",Screenprinted folder from a two-part portfolio of 66 screenprinted folders,https://www.moma.org/media/W1siZiIsIjYyMDQ5MyJdLFsicCIsImNvbnZlcnQiLCItcmVzaXplIDEwMjR4MTAyNFx1MDAzZSJdXQ.jpg?sha=91156596324123cf
12160.0,"Portfolio 1, Folder 26 from Formulation: Articulation",Print,1972,"1960–1979 (Поп-арт, Минимализм, Концептуализм)","Поп-арт, Минимализм, Концептуализм",Screenprinted folder from a two-part portfolio of 66 screenprinted folders,https://www.moma.org/media/W1siZiIsIjYyMDQ5NCJdLFsicCIsImNvbnZlcnQiLCItcmVzaXplIDEwMjR4MTAyNFx1MDAzZSJdXQ.jpg?sha=8052a4e1b8c7c49f
12161.0,"Portfolio 1, Folder 27 from Formulation: Articulation",Print,1972,"1960–1979 (Поп-арт, Минимализм, Концептуализм)","Поп-арт, Минимализм, Концептуализм",Screenprinted folder from a two-part portfolio of 66 screenprinted folders,https://www.moma.org/media/W1siZiIsIjYyMDQ5NSJdLFsicCIsImNvbnZlcnQiLCItcmVzaXplIDEwMjR4MTAyNFx1MDAzZSJdXQ.jpg?sha=143b6c0ddf4b9843
12162.0,"Portfolio 1, Folder 28 from Formulation: Articulation",Print,1972,"1960–1979 (Поп-арт, Минимализм, Концептуализм)","Поп-арт, Минимализм, Концептуализм",Screenprinted folder from a two-part portfolio of 66 screenprinted folders,https://www.moma.org/media/W1siZiIsIjYyMDQ5NiJdLFsicCIsImNvbnZlcnQiLCItcmVzaXplIDEwMjR4MTAyNFx1MDAzZSJdXQ.jpg?sha=4e191da888de5548
12163.0,"Portfolio 1, Folder 29 from Formulation: Articulation",Print,1972,"1960–1979 (Поп-арт, Минимализм, Концептуализм)","Поп-арт, Минимализм, Концептуализм",Screenprinted folder from a two-part portfolio of 66 screenprinted folders,https://www.moma.org/media/W1siZiIsIjYyMDQ5NyJdLFsicCIsImNvbnZlcnQiLCItcmVzaXplIDEwMjR4MTAyNFx1MDAzZSJdXQ.jpg?sha=3ed278c3127c88a5
12164.0,"Portfolio 1, Folder 30 from Formulation: Articulation",Print,1972,"1960–1979 (Поп-арт, Минимализм, Концептуализм)","Поп-арт, Минимализм, Концептуализм",Screenprinted folder from a two-part portfolio of 66 screenprinted folders,https://www.moma.org/media/W1siZiIsIjYyMDQ5OCJdLFsicCIsImNvbnZlcnQiLCItcmVzaXplIDEwMjR4MTAyNFx1MDAzZSJdXQ.jpg?sha=fdb90e1d55aa04e6
12165.0,"Portfolio 1, Folder 31 from Formulation: Articulation",Print,1972,"1960–1979 (Поп-арт, Минимализм, Концептуализм)","Поп-арт, Минимализм, Концептуализм",Screenprinted folder from a two-part portfolio of 66 screenprinted folders,https://www.moma.org/media/W1siZiIsIjYyMDQyOSJdLFsicCIsImNvbnZlcnQiLCItcmVzaXplIDEwMjR4MTAyNFx1MDAzZSJdXQ.jpg?sha=98936385bc660561
12166.0,"Portfolio 1, Folder 32 from Formulation: Articulation Portfolio 1, Folder 32 from Formulation: Articulation",Print,1972,"1960–1979 (Поп-арт, Минимализм, Концептуализм)","Поп-арт, Минимализм, Концептуализм",Screenprinted folder from a two-part portfolio of 66 screenprinted folders,https://www.moma.org/media/W1siZiIsIjYyMDQzMCJdLFsicCIsImNvbnZlcnQiLCItcmVzaXplIDEwMjR4MTAyNFx1MDAzZSJdXQ.jpg?sha=29b80f321606a122
12167.0,"Portfolio 1, Folder 33 from Formulation: Articulation",Print,1972,"1960–1979 (Поп-арт, Минимализм, Концептуализм)","Поп-арт, Минимализм, Концептуализм",Screenprinted folder from a two-part portfolio of 66 screenprinted folders,https://www.moma.org/media/W1siZiIsIjYyMDQzMSJdLFsicCIsImNvbnZlcnQiLCItcmVzaXplIDEwMjR4MTAyNFx1MDAzZSJdXQ.jpg?sha=ec82b3a083cb2768
12191.0,"Portfolio 2, Folder 1 from Formulation: Articulation",Print,1972,"1960–1979 (Поп-арт, Минимализм, Концептуализм)","Поп-арт, Минимализм, Концептуализм",Screenprinted folder from a two-part portfolio of 66 screenprinted folders,https://www.moma.org/media/W1siZiIsIjYyMDQzMiJdLFsicCIsImNvbnZlcnQiLCItcmVzaXplIDEwMjR4MTAyNFx1MDAzZSJdXQ.jpg?sha=cf64a84b3d9e1ce2
12192.0,"Portfolio 2, Folder 2 from Formulation: Articulation",Print,1972,"1960–1979 (Поп-арт, Минимализм, Концептуализм)","Поп-арт, Минимализм, Концептуализм",Screenprinted folder from a two-part portfolio of 66 screenprinted folders,https://www.moma.org/media/W1siZiIsIjYyMDQzMyJdLFsicCIsImNvbnZlcnQiLCItcmVzaXplIDEwMjR4MTAyNFx1MDAzZSJdXQ.jpg?sha=8ba3ff2d38f7023f
12193.0,"Portfolio 2, Folder 3 from Formulation: Articulation",Print,1972,"1960–1979 (Поп-арт, Минимализм, Концептуализм)","Поп-арт, Минимализм, Концептуализм",Screenprinted folder from a two-part portfolio of 66 screenprinted folders,https://www.moma.org/media/W1siZiIsIjYyMDQzNCJdLFsicCIsImNvbnZlcnQiLCItcmVzaXplIDEwMjR4MTAyNFx1MDAzZSJdXQ.jpg?sha=afb81adec744ce53
12194.0,"Portfolio 2, Folder 4 from Formulation: Articulation",Print,1972,"1960–1979 (Поп-арт, Минимализм, Концептуализм)","Поп-арт, Минимализм, Концептуализм",Screenprinted folder from a two-part portfolio of 66 screenprinted folders,https://www.moma.org/media/W1siZiIsIjYyMDQzNSJdLFsicCIsImNvbnZlcnQiLCItcmVzaXplIDEwMjR4MTAyNFx1MDAzZSJdXQ.jpg?sha=56e5c757de96ac8d
12195.0,"Portfolio 2, Folder 5 from Formulation: Articulation",Print,1972,"1960–1979 (Поп-арт, Минимализм, Концептуализм)","Поп-арт, Минимализм, Концептуализм",Screenprinted folder from a two-part portfolio of 66 screenprinted folders,https://www.moma.org/media/W1siZiIsIjYyMDQzNiJdLFsicCIsImNvbnZlcnQiLCItcmVzaXplIDEwMjR4MTAyNFx1MDAzZSJdXQ.jpg?sha=2462bfa7495e5b14
12196.0,"Portfolio 2, Folder 6 from Formulation: Articulation",Print,1972,"1960–1979 (Поп-арт, Минимализм, Концептуализм)","Поп-арт, Минимализм, Концептуализм",Screenprinted folder from a two-part portfolio of 66 screenprinted folders,https://www.moma.org/media/W1siZiIsIjYyMDQzNyJdLFsicCIsImNvbnZlcnQiLCItcmVzaXplIDEwMjR4MTAyNFx1MDAzZSJdXQ.jpg?sha=4279ea278326a23c
12197.0,"Portfolio 2, Folder 7 from Formulation: Articulation",Print,1972,"1960–1979 (Поп-арт, Минимализм, Концептуализм)","Поп-арт, Минимализм, Концептуализм",Screenprinted folder from a two-part portfolio of 66 screenprinted folders,https://www.moma.org/media/W1siZiIsIjYyMDQzOCJdLFsicCIsImNvbnZlcnQiLCItcmVzaXplIDEwMjR4MTAyNFx1MDAzZSJdXQ.jpg?sha=cdb15745b7a763eb
12198.0,"Portfolio 2, Folder 8 from Formulation: Articulation",Print,1972,"1960–1979 (Поп-арт, Минимализм, Концептуализм)","Поп-арт, Минимализм, Концептуализм",Screenprinted folder from a two-part portfolio of 66 screenprinted folders,https://www.moma.org/media/W1siZiIsIjYyMDQzOSJdLFsicCIsImNvbnZlcnQiLCItcmVzaXplIDEwMjR4MTAyNFx1MDAzZSJdXQ.jpg?sha=9085a55fe10c9ee2
12199.0,"Portfolio 2, Folder 9 from Formulation: Articulation",Print,1972,"1960–1979 (Поп-арт, Минимализм, Концептуализм)","Поп-арт, Минимализм, Концептуализм",Screenprinted folder from a two-part portfolio of 66 screenprinted folders,https://www.moma.org/media/W1siZiIsIjYyMDQ0MCJdLFsicCIsImNvbnZlcnQiLCItcmVzaXplIDEwMjR4MTAyNFx1MDAzZSJdXQ.jpg?sha=a6ea6a395f2ad4eb
12200.0,"Portfolio 2, Folder 10 from Formulation: Articulation",Print,1972,"1960–1979 (Поп-арт, Минимализм, Концептуализм)","Поп-арт, Минимализм, Концептуализм",Screenprinted folder from a two-part portfolio of 66 screenprinted folders,https://www.moma.org/media/W1siZiIsIjYyMDQ0MSJdLFsicCIsImNvbnZlcnQiLCItcmVzaXplIDEwMjR4MTAyNFx1MDAzZSJdXQ.jpg?sha=e888696ad29f36ca
12201.0,"Portfolio 2, Folder 11 from Formulation: Articulation",Print,1972,"1960–1979 (Поп-арт, Минимализм, Концептуализм)","Поп-арт, Минимализм, Концептуализм",Screenprinted folder from a two-part portfolio of 66 screenprinted folders,https://www.moma.org/media/W1siZiIsIjYyMDQ0MiJdLFsicCIsImNvbnZlcnQiLCItcmVzaXplIDEwMjR4MTAyNFx1MDAzZSJdXQ.jpg?sha=4de1bf1f312ddfed
12202.0,"Portfolio 2, Folder 12 from Formulation: Articulation",Print,1972,"1960–1979 (Поп-арт, Минимализм, Концептуализм)","Поп-арт, Минимализм, Концептуализм",Screenprinted folder from a two-part portfolio of 66 screenprinted folders,https://www.moma.org/media/W1siZiIsIjYyMDQ0MyJdLFsicCIsImNvbnZlcnQiLCItcmVzaXplIDEwMjR4MTAyNFx1MDAzZSJdXQ.jpg?sha=edf0a1b4c99a83f2
12203.0,"Portfolio 2, Folder 13 from Formulation: Articulation",Print,1972,"1960–1979 (Поп-арт, Минимализм, Концептуализм)","Поп-арт, Минимализм, Концептуализм",Screenprinted folder from a two-part portfolio of 66 screenprinted folders,https://www.moma.org/media/W1siZiIsIjYyMDQ0NCJdLFsicCIsImNvbnZlcnQiLCItcmVzaXplIDEwMjR4MTAyNFx1MDAzZSJdXQ.jpg?sha=38aa44e8bce2e8a5
12204.0,"Portfolio 2, Folder 14 from Formulation: Articulation",Print,1972,"1960–1979 (Поп-арт, Минимализм, Концептуализм)","Поп-арт, Минимализм, Концептуализм",Screenprinted folder from a two-part portfolio of 66 screenprinted folders,https://www.moma.org/media/W1siZiIsIjYyMDQ0NSJdLFsicCIsImNvbnZlcnQiLCItcmVzaXplIDEwMjR4MTAyNFx1MDAzZSJdXQ.jpg?sha=46c8cc0ad023286d
12205.0,"Portfolio 2, Folder 15 from Formulation: Articulation",Print,1972,"1960–1979 (Поп-арт, Минимализм, Концептуализм)","Поп-арт, Минимализм, Концептуализм",Screenprinted folder from a two-part portfolio of 66 screenprinted folders,https://www.moma.org/media/W1siZiIsIjYyMDQ0NiJdLFsicCIsImNvbnZlcnQiLCItcmVzaXplIDEwMjR4MTAyNFx1MDAzZSJdXQ.jpg?sha=55ecb34bd506894d
12206.0,"Portfolio 2, Folder 16 from Formulation: Articulation",Print,1972,"1960–1979 (Поп-арт, Минимализм, Концептуализм)","Поп-арт, Минимализм, Концептуализм",Screenprinted folder from a two-part portfolio of 66 screenprinted folders,https://www.moma.org/media/W1siZiIsIjYyMDQ0NyJdLFsicCIsImNvbnZlcnQiLCItcmVzaXplIDEwMjR4MTAyNFx1MDAzZSJdXQ.jpg?sha=7bb9e75f30d7263e
12207.0,"Portfolio 2, Folder 17 from Formulation: Articulation",Print,1972,"1960–1979 (Поп-арт, Минимализм, Концептуализм)","Поп-арт, Минимализм, Концептуализм",Screenprinted folder from a two-part portfolio of 66 screenprinted folders,https://www.moma.org/media/W1siZiIsIjYyMDQ0OCJdLFsicCIsImNvbnZlcnQiLCItcmVzaXplIDEwMjR4MTAyNFx1MDAzZSJdXQ.jpg?sha=bd33c8a593c90c17
12208.0,"Portfolio 2, Folder 18 from Formulation: Articulation",Print,1972,"1960–1979 (Поп-арт, Минимализм, Концептуализм)","Поп-арт, Минимализм, Концептуализм",Screenprinted folder from a two-part portfolio of 66 screenprinted folders,https://www.moma.org/media/W1siZiIsIjYyMDQ0OSJdLFsicCIsImNvbnZlcnQiLCItcmVzaXplIDEwMjR4MTAyNFx1MDAzZSJdXQ.jpg?sha=5593bba6783f5449
12209.0,"Portfolio 2, Folder 19 from Formulation: Articulation",Print,1972,"1960–1979 (Поп-арт, Минимализм, Концептуализм)","Поп-арт, Минимализм, Концептуализм",Screenprinted folder from a two-part portfolio of 66 screenprinted folders,https://www.moma.org/media/W1siZiIsIjYyMDQ1MCJdLFsicCIsImNvbnZlcnQiLCItcmVzaXplIDEwMjR4MTAyNFx1MDAzZSJdXQ.jpg?sha=d326d740baecfe35
12210.0,"Portfolio 2, Folder 20 from Formulation: Articulation",Print,1972,"1960–1979 (Поп-арт, Минимализм, Концептуализм)","Поп-арт, Минимализм, Концептуализм",Screenprinted folder from a two-part portfolio of 66 screenprinted folders,https://www.moma.org/media/W1siZiIsIjYyMDQ1MSJdLFsicCIsImNvbnZlcnQiLCItcmVzaXplIDEwMjR4MTAyNFx1MDAzZSJdXQ.jpg?sha=acd0265fac5a3198
12211.0,"Portfolio 2, Folder 21 from Formulation: Articulation",Print,1972,"1960–1979 (Поп-арт, Минимализм, Концептуализм)","Поп-арт, Минимализм, Концептуализм",Screenprinted folder from a two-part portfolio of 66 screenprinted folders,https://www.moma.org/media/W1siZiIsIjYyMDQ1MiJdLFsicCIsImNvbnZlcnQiLCItcmVzaXplIDEwMjR4MTAyNFx1MDAzZSJdXQ.jpg?sha=4e7b055c84572fc8
12212.0,"Portfolio 2, Folder 22 from Formulation: Articulation",Print,1972,"1960–1979 (Поп-арт, Минимализм, Концептуализм)","Поп-арт, Минимализм, Концептуализм",Screenprinted folder from a two-part portfolio of 66 screenprinted folders,https://www.moma.org/media/W1siZiIsIjYyMDQ1MyJdLFsicCIsImNvbnZlcnQiLCItcmVzaXplIDEwMjR4MTAyNFx1MDAzZSJdXQ.jpg?sha=a499cf2ced2c15ab
12213.0,"Portfolio 2, Folder 23 from Formulation: Articulation",Print,1972,"1960–1979 (Поп-арт, Минимализм, Концептуализм)","Поп-арт, Минимализм, Концептуализм",Screenprinted folder from a two-part portfolio of 66 screenprinted folders,https://www.moma.org/media/W1siZiIsIjYyMDQ1NCJdLFsicCIsImNvbnZlcnQiLCItcmVzaXplIDEwMjR4MTAyNFx1MDAzZSJdXQ.jpg?sha=79ee5dfb6bb3ddcb
12214.0,"Portfolio 2, Folder 24 from Formulation: Articulation",Print,1972,"1960–1979 (Поп-арт, Минимализм, Концептуализм)","Поп-арт, Минимализм, Концептуализм",Screenprinted folder from a two-part portfolio of 66 screenprinted folders,https://www.moma.org/media/W1siZiIsIjYyMDQ1NSJdLFsicCIsImNvbnZlcnQiLCItcmVzaXplIDEwMjR4MTAyNFx1MDAzZSJdXQ.jpg?sha=0aecc749702941d5
12215.0,"Portfolio 2, Folder 25 from Formulation: Articulation",Print,1972,"1960–1979 (Поп-арт, Минимализм, Концептуализм)","Поп-арт, Минимализм, Концептуализм",Screenprinted folder from a two-part portfolio of 66 screenprinted folders,https://www.moma.org/media/W1siZiIsIjYyMDQ1NiJdLFsicCIsImNvbnZlcnQiLCItcmVzaXplIDEwMjR4MTAyNFx1MDAzZSJdXQ.jpg?sha=f5229672da1937a1
12216.0,"Portfolio 2, Folder 26 from Formulation: Articulation",Print,1972,"1960–1979 (Поп-арт, Минимализм, Концептуализм)","Поп-арт, Минимализм, Концептуализм",Screenprinted folder from a two-part portfolio of 66 screenprinted folders,https://www.moma.org/media/W1siZiIsIjYyMDQ1NyJdLFsicCIsImNvbnZlcnQiLCItcmVzaXplIDEwMjR4MTAyNFx1MDAzZSJdXQ.jpg?sha=f97d1741f4069e8e
12217.0,"Portfolio 2, Folder 27 from Formulation: Articulation",Print,1972,"1960–1979 (Поп-арт, Минимализм, Концептуализм)","Поп-арт, Минимализм, Концептуализм",Screenprinted folder from a two-part portfolio of 66 screenprinted folders,https://www.moma.org/media/W1siZiIsIjYyMDQ1OCJdLFsicCIsImNvbnZlcnQiLCItcmVzaXplIDEwMjR4MTAyNFx1MDAzZSJdXQ.jpg?sha=11475fc8d3341ba3
12218.0,"Portfolio 2, Folder 28 from Formulation: Articulation, Portfolio 2, Folder 28 \from\ Formulation: Articulation",Print,1972,"1960–1979 (Поп-арт, Минимализм, Концептуализм)","Поп-арт, Минимализм, Концептуализм",Screenprinted folder from a two-part portfolio of 66 screenprinted folders,https://www.moma.org/media/W1siZiIsIjYyMDM5OSJdLFsicCIsImNvbnZlcnQiLCItcmVzaXplIDEwMjR4MTAyNFx1MDAzZSJdXQ.jpg?sha=4dbd121fa159c325
12219.0,"Portfolio 2, Folder 29 from Formulation: Articulation",Print,1972,"1960–1979 (Поп-арт, Минимализм, Концептуализм)","Поп-арт, Минимализм, Концептуализм",Screenprinted folder from a two-part portfolio of 66 screenprinted folders,https://www.moma.org/media/W1siZiIsIjYyMDQwMCJdLFsicCIsImNvbnZlcnQiLCItcmVzaXplIDEwMjR4MTAyNFx1MDAzZSJdXQ.jpg?sha=b678e551930e37f5
12220.0,"Portfolio 2, Folder 30 from Formulation: Articulation",Print,1972,"1960–1979 (Поп-арт, Минимализм, Концептуализм)","Поп-арт, Минимализм, Концептуализм",Screenprinted folder from a two-part portfolio of 66 screenprinted folders,https://www.moma.org/media/W1siZiIsIjYyMDQwMSJdLFsicCIsImNvbnZlcnQiLCItcmVzaXplIDEwMjR4MTAyNFx1MDAzZSJdXQ.jpg?sha=a3c6b25cc88dd605
12221.0,"Portfolio 2, Folder 31 from Formulation: Articulation",Print,1972,"1960–1979 (Поп-арт, Минимализм, Концептуализм)","Поп-арт, Минимализм, Концептуализм",Screenprinted folder from a two-part portfolio of 66 screenprinted folders,https://www.moma.org/media/W1siZiIsIjYyMDQwMiJdLFsicCIsImNvbnZlcnQiLCItcmVzaXplIDEwMjR4MTAyNFx1MDAzZSJdXQ.jpg?sha=bf3d58029cd74986
12222.0,"Portfolio 2, Folder 32 from Formulation: Articulation",Print,1972,"1960–1979 (Поп-арт, Минимализм, Концептуализм)","Поп-арт, Минимализм, Концептуализм",Screenprinted folder from a two-part portfolio of 66 screenprinted folders,https://www.moma.org/media/W1siZiIsIjYyMDQwMyJdLFsicCIsImNvbnZlcnQiLCItcmVzaXplIDEwMjR4MTAyNFx1MDAzZSJdXQ.jpg?sha=3325d82ca733479f
12223.0,"Portfolio 2, Folder 33 from Formulation: Articulation",Print,1972,"1960–1979 (Поп-арт, Минимализм, Концептуализм)","Поп-арт, Минимализм, Концептуализм",Screenprinted folder from a two-part portfolio of 66 screenprinted folders,https://www.moma.org/media/W1siZiIsIjYyMDQwNCJdLFsicCIsImNvbnZlcnQiLCItcmVzaXplIDEwMjR4MTAyNFx1MDAzZSJdXQ.jpg?sha=a11e45d911f1f038
12335.0,"Trial proof for ...The Accused Indicted Beneath A Forgotten Crucifix, rejected plate from Miserere",Print,1922,"1915–1939 (Авангард, Конструктивизм, Сюрреализм)","Авангард, Конструктивизм, Сюрреализм",Aquatint over photogravure,https://www.moma.org/media/W1siZiIsIjIxOTg2OSJdLFsicCIsImNvbnZlcnQiLCItcmVzaXplIDEwMjR4MTAyNFx1MDAzZSJdXQ.jpg?sha=480bcfe56befa289
12359.0,The Bell Ringer and Map of the Ocean (Le Sonneur et Carte de l'océan),Print,1950,1940–1959 (Абстрактный экспрессионизм),Абстрактный экспрессионизм,"Two etchings, one inkless",https://www.moma.org/media/W1siZiIsIjE2MjcyMiJdLFsicCIsImNvbnZlcnQiLCItcmVzaXplIDEwMjR4MTAyNFx1MDAzZSJdXQ.jpg?sha=781d04a84971a7f2
12360.0,"Trial proof for The Bay Of The Dead, rejected plate from Miserere",Print,1922,"1915–1939 (Авангард, Конструктивизм, Сюрреализм)","Авангард, Конструктивизм, Сюрреализм",Aquatint with roulette over photogravure,https://www.moma.org/media/W1siZiIsIjIxOTg3MCJdLFsicCIsImNvbnZlcnQiLCItcmVzaXplIDEwMjR4MTAyNFx1MDAzZSJdXQ.jpg?sha=558c541332862d8f
12666.0,"Title page from Tevia the Milkman, Volume I",Print,1957,1940–1959 (Абстрактный экспрессионизм),Абстрактный экспрессионизм,One from a portfolio of twenty-eight lithographs,https://www.moma.org/media/W1siZiIsIjQ0NTc3NSJdLFsicCIsImNvbnZlcnQiLCItcmVzaXplIDEwMjR4MTAyNFx1MDAzZSJdXQ.jpg?sha=63de3defb0820d2e
12668.0,"In the House of the Rich from Tevia the Milkman, Volume I",Print,1957,1940–1959 (Абстрактный экспрессионизм),Абстрактный экспрессионизм,One from a portfolio of twenty-eight lithographs,https://www.moma.org/media/W1siZiIsIjQ0NTc3NiJdLFsicCIsImNvbnZlcnQiLCItcmVzaXplIDEwMjR4MTAyNFx1MDAzZSJdXQ.jpg?sha=9fb848862af4f0be
12669.0,"Return Home (Return at Night) from Tevia the Milkman, Volume I",Print,1957,1940–1959 (Абстрактный экспрессионизм),Абстрактный экспрессионизм,One from a portfolio of twenty-eight lithographs,https://www.moma.org/media/W1siZiIsIjQ0NTc3NyJdLFsicCIsImNvbnZlcnQiLCItcmVzaXplIDEwMjR4MTAyNFx1MDAzZSJdXQ.jpg?sha=041d930f431b8abe
12670.0,"Tevia's Family from Tevia the Milkman, Volume I",Print,1957,1940–1959 (Абстрактный экспрессионизм),Абстрактный экспрессионизм,One from a portfolio of twenty-eight lithographs,https://www.moma.org/media/W1siZiIsIjQ0NTc3OCJdLFsicCIsImNvbnZlcnQiLCItcmVzaXplIDEwMjR4MTAyNFx1MDAzZSJdXQ.jpg?sha=fb24d15b47be3e2c
12671.0,"Morning (The Room) from Tevia the Milkman, Volume I",Print,1957,1940–1959 (Абстрактный экспрессионизм),Абстрактный экспрессионизм,One from a portfolio of twenty-eight lithographs,https://www.moma.org/media/W1siZiIsIjQ0NTc3OSJdLFsicCIsImNvbnZlcnQiLCItcmVzaXplIDEwMjR4MTAyNFx1MDAzZSJdXQ.jpg?sha=cefa6e9f4f33536e
12672.0,"Tevia's Tavern (Golda and Zejtl Milking) from Tevia the Milkman, Volume I",Print,1957,1940–1959 (Абстрактный экспрессионизм),Абстрактный экспрессионизм,One from a portfolio of twenty-eight lithographs,https://www.moma.org/media/W1siZiIsIjQ0NTc4MCJdLFsicCIsImNvbnZlcnQiLCItcmVzaXplIDEwMjR4MTAyNFx1MDAzZSJdXQ.jpg?sha=06d3f15954859b0a
12673.0,"Portrait of Menachem-Mendl from Tevia the Milkman, Volume I",Print,1957,1940–1959 (Абстрактный экспрессионизм),Абстрактный экспрессионизм,One from a portfolio of twenty-eight lithographs,https://www.moma.org/media/W1siZiIsIjQ0NTc4MSJdLFsicCIsImNvbnZlcnQiLCItcmVzaXplIDEwMjR4MTAyNFx1MDAzZSJdXQ.jpg?sha=6ca9e5b102b2ad5b
12674.0,"At the Exchange from Tevia the Milkman, Volume I",Print,1957,1940–1959 (Абстрактный экспрессионизм),Абстрактный экспрессионизм,One from a portfolio of twenty-eight lithographs,https://www.moma.org/media/W1siZiIsIjQ0NTc4MiJdLFsicCIsImNvbnZlcnQiLCItcmVzaXplIDEwMjR4MTAyNFx1MDAzZSJdXQ.jpg?sha=6c401bb1520f69f2
12675.0,"The Broker (The Businessman) from Tevia the Milkman, Volume I",Print,1957,1940–1959 (Абстрактный экспрессионизм),Абстрактный экспрессионизм,One from a portfolio of twenty-eight lithographs,https://www.moma.org/media/W1siZiIsIjQ0NTc4MyJdLFsicCIsImNvbnZlcnQiLCItcmVzaXplIDEwMjR4MTAyNFx1MDAzZSJdXQ.jpg?sha=c463651b41e48e65
12676.0,"A Family of Merchants from Tevia the Milkman, Volume I",Print,1957,1940–1959 (Абстрактный экспрессионизм),Абстрактный экспрессионизм,One from a portfolio of twenty-eight lithographs,https://www.moma.org/media/W1siZiIsIjQ0NTc4NCJdLFsicCIsImNvbnZlcnQiLCItcmVzaXplIDEwMjR4MTAyNFx1MDAzZSJdXQ.jpg?sha=e1e4cd91a806e1ad
12677.0,"Seller of Air (Lives by Money Matters: Air) from Tevia the Milkman, Volume I",Print,1957,1940–1959 (Абстрактный экспрессионизм),Абстрактный экспрессионизм,One from a portfolio of twenty-eight lithographs,https://www.moma.org/media/W1siZiIsIjQ0NTc4NSJdLFsicCIsImNvbnZlcnQiLCItcmVzaXplIDEwMjR4MTAyNFx1MDAzZSJdXQ.jpg?sha=4a24dec9c83c4b70
12678.0,"Colophon from Tevia the Milkman, Volume I",Print,1957,1940–1959 (Абстрактный экспрессионизм),Абстрактный экспрессионизм,One from a portfolio of twenty-eight lithographs,https://www.moma.org/media/W1siZiIsIjQ0NTc4NiJdLFsicCIsImNvbnZlcnQiLCItcmVzaXplIDEwMjR4MTAyNFx1MDAzZSJdXQ.jpg?sha=097449eb5f55d838
12679.0,"Portrait of Zejtl (Tevia's Daughter) from Tevia the Milkman, Volume I",Print,1957,1940–1959 (Абстрактный экспрессионизм),Абстрактный экспрессионизм,One from a portfolio of twenty-eight lithographs,https://www.moma.org/media/W1siZiIsIjQ0NTc4NyJdLFsicCIsImNvbnZlcnQiLCItcmVzaXplIDEwMjR4MTAyNFx1MDAzZSJdXQ.jpg?sha=f3199ca4392f3a02
12680.0,"The Butcher Shop from Tevia the Milkman, Volume I",Print,1957,1940–1959 (Абстрактный экспрессионизм),Абстрактный экспрессионизм,One from a portfolio of twenty-eight lithographs,https://www.moma.org/media/W1siZiIsIjQ0NTc4OCJdLFsicCIsImNvbnZlcnQiLCItcmVzaXplIDEwMjR4MTAyNFx1MDAzZSJdXQ.jpg?sha=92ec7e67475261e4
12681.0,"Portrait of Lejser-Wolf (The Butcher) from Tevia the Milkman, Volume I",Print,1957,1940–1959 (Абстрактный экспрессионизм),Абстрактный экспрессионизм,One from a portfolio of twenty-eight lithographs,https://www.moma.org/media/W1siZiIsIjQ0NTc4OSJdLFsicCIsImNvbnZlcnQiLCItcmVzaXplIDEwMjR4MTAyNFx1MDAzZSJdXQ.jpg?sha=5660be41aea62cb3
12682.0,"Anatewka (The Village) from Tevia the Milkman, Volume I",Print,1957,1940–1959 (Абстрактный экспрессионизм),Абстрактный экспрессионизм,One from a portfolio of twenty-eight lithographs,https://www.moma.org/media/W1siZiIsIjQ0NTc5MCJdLFsicCIsImNvbnZlcnQiLCItcmVzaXplIDEwMjR4MTAyNFx1MDAzZSJdXQ.jpg?sha=a314ca565669d4f1
12683.0,"Portrait of Motl (Motl Kamisol, The Tailor) from Tevia the Milkman, Volume I",Print,1957,1940–1959 (Абстрактный экспрессионизм),Абстрактный экспрессионизм,One from a portfolio of twenty-eight lithographs,https://www.moma.org/media/W1siZiIsIjQ0NTc5MSJdLFsicCIsImNvbnZlcnQiLCItcmVzaXplIDEwMjR4MTAyNFx1MDAzZSJdXQ.jpg?sha=0457616fb0b0dfc4
12684.0,"The Wedding (Motl and Zejtl's Marriage) from Tevia the Milkman, Volume I",Print,1957,1940–1959 (Абстрактный экспрессионизм),Абстрактный экспрессионизм,One from a portfolio of twenty-eight lithographs,https://www.moma.org/media/W1siZiIsIjQ0NTc5MiJdLFsicCIsImNvbnZlcnQiLCItcmVzaXplIDEwMjR4MTAyNFx1MDAzZSJdXQ.jpg?sha=bff32e29cd315931
12685.0,"The Tailor's House (in the Rain) from Tevia the Milkman, Volume I",Print,1957,1940–1959 (Абстрактный экспрессионизм),Абстрактный экспрессионизм,One from a portfolio of twenty-eight lithographs,https://www.moma.org/media/W1siZiIsIjQ0NTc5MyJdLFsicCIsImNvbnZlcnQiLCItcmVzaXplIDEwMjR4MTAyNFx1MDAzZSJdXQ.jpg?sha=be04bd805933cc41
12686.0,"The Tailor's Evening Meal from Tevia the Milkman, Volume I",Print,1957,1940–1959 (Абстрактный экспрессионизм),Абстрактный экспрессионизм,One from a portfolio of twenty-eight lithographs,https://www.moma.org/media/W1siZiIsIjQ0NTc5NCJdLFsicCIsImNvbnZlcnQiLCItcmVzaXplIDEwMjR4MTAyNFx1MDAzZSJdXQ.jpg?sha=c6eb40c6822277b1
12687.0,"The Tailor's Family (Motl, Zejtl, and the Children) from Tevia the Milkman, Volume I",Print,1957,1940–1959 (Абстрактный экспрессионизм),Абстрактный экспрессионизм,One from a portfolio of twenty-eight lithographs,https://www.moma.org/media/W1siZiIsIjQ0NTc5NSJdLFsicCIsImNvbnZlcnQiLCItcmVzaXplIDEwMjR4MTAyNFx1MDAzZSJdXQ.jpg?sha=1ff9aefe276ba50f
12688.0,"Table of contents from Tevia the Milkman, Volume I",Print,1957,1940–1959 (Абстрактный экспрессионизм),Абстрактный экспрессионизм,One from a portfolio of twenty-eight lithographs,https://www.moma.org/media/W1siZiIsIjQ0NTc5NiJdLFsicCIsImNvbnZlcnQiLCItcmVzaXplIDEwMjR4MTAyNFx1MDAzZSJdXQ.jpg?sha=ce936b0db403ddff
12689.0,"Frontispiece (Tevia and Shalom Aleichem in Front of the Village) from Tevia the Milkman, Volume I",Print,1957,1940–1959 (Абстрактный экспрессионизм),Абстрактный экспрессионизм,One from a portfolio of twenty-eight lithographs,https://www.moma.org/media/W1siZiIsIjQ0NTc5NyJdLFsicCIsImNvbnZlcnQiLCItcmVzaXplIDEwMjR4MTAyNFx1MDAzZSJdXQ.jpg?sha=be218e5735094742
12690.0,"Portrait of Tevia from Tevia the Milkman, Volume I",Print,1957,1940–1959 (Абстрактный экспрессионизм),Абстрактный экспрессионизм,One from a portfolio of twenty-eight lithographs,https://www.moma.org/media/W1siZiIsIjQ0NTc5OCJdLFsicCIsImNvbnZlcnQiLCItcmVzaXplIDEwMjR4MTAyNFx1MDAzZSJdXQ.jpg?sha=b27261697ef937ac
12691.0,"Portrait of Golda (Tevia's Wife) from Tevia the Milkman, Volume I",Print,1957,1940–1959 (Абстрактный экспрессионизм),Абстрактный экспрессионизм,One from a portfolio of twenty-eight lithographs,https://www.moma.org/media/W1siZiIsIjQ0NTc5OSJdLFsicCIsImNvbnZlcnQiLCItcmVzaXplIDEwMjR4MTAyNFx1MDAzZSJdXQ.jpg?sha=f21449883df0bfcc
12692.0,"Evening (Tevia's House) from Tevia the Milkman, Volume I",Print,1957,1940–1959 (Абстрактный экспрессионизм),Абстрактный экспрессионизм,One from a portfolio of twenty-eight lithographs,https://www.moma.org/media/W1siZiIsIjQ0NTgwMCJdLFsicCIsImNvbnZlcnQiLCItcmVzaXplIDEwMjR4MTAyNFx1MDAzZSJdXQ.jpg?sha=4cd6c8215e02c368
12693.0,"Balagula (Heavy Hauler with Horse) from Tevia the Milkman, Volume I",Print,1957,1940–1959 (Абстрактный экспрессионизм),Абстрактный экспрессионизм,One from a portfolio of twenty-eight lithographs,https://www.moma.org/media/W1siZiIsIjQ0NTgwMSJdLFsicCIsImNvbnZlcnQiLCItcmVzaXplIDEwMjR4MTAyNFx1MDAzZSJdXQ.jpg?sha=0d009ab73b2b3369
12694.0,"Summer Visitors (The Rich Women) from Tevia the Milkman, Volume I",Print,1957,1940–1959 (Абстрактный экспрессионизм),Абстрактный экспрессионизм,One from a portfolio of twenty-eight lithographs,https://www.moma.org/media/W1siZiIsIjQ0NTgwMiJdLFsicCIsImNvbnZlcnQiLCItcmVzaXplIDEwMjR4MTAyNFx1MDAzZSJdXQ.jpg?sha=8d66b36f1d798f91
12706.0,"Title page from Tevia the Milkman, Volume II",Print,1957,1940–1959 (Абстрактный экспрессионизм),Абстрактный экспрессионизм,One from a portfolio of twenty-eight lithographs,https://www.moma.org/media/W1siZiIsIjQ1NDk5NiJdLFsicCIsImNvbnZlcnQiLCItcmVzaXplIDEwMjR4MTAyNFx1MDAzZSJdXQ.jpg?sha=f0762b4433b461e4
12707.0,"Tevia the Milkman, Volume II",Print,1957,1940–1959 (Абстрактный экспрессионизм),Абстрактный экспрессионизм,Portfolio of twenty-seven lithographs (incomplete; complete portfolio comprises 28 lithographs),https://www.moma.org/media/W1siZiIsIjQ1NTAwMCJdLFsicCIsImNvbnZlcnQiLCItcmVzaXplIDEwMjR4MTAyNFx1MDAzZSJdXQ.jpg?sha=885878f1097a1fbc
12708.0,"In the Kitchen (The Diary) from Tevia the Milkman, Volume II",Print,1957,1940–1959 (Абстрактный экспрессионизм),Абстрактный экспрессионизм,One from a portfolio of twenty-eight lithographs,https://www.moma.org/media/W1siZiIsIjQ1NDk5NyJdLFsicCIsImNvbnZlcnQiLCItcmVzaXplIDEwMjR4MTAyNFx1MDAzZSJdXQ.jpg?sha=823f26b6bd6bab66
12709.0,"Before the Sabbath (Lighting Candles–Golda to the Right of the Table) from Tevia the Milkman, Volume II",Print,1957,1940–1959 (Абстрактный экспрессионизм),Абстрактный экспрессионизм,One from a portfolio of twenty-eight lithographs,https://www.moma.org/media/W1siZiIsIjQ1NDk5OCJdLFsicCIsImNvbnZlcnQiLCItcmVzaXplIDEwMjR4MTAyNFx1MDAzZSJdXQ.jpg?sha=923cae1e14a656e9
12710.0,"In Bojberik (Summer Visitors) from Tevia the Milkman, Volume II",Print,1957,1940–1959 (Абстрактный экспрессионизм),Абстрактный экспрессионизм,One from a portfolio of twenty-eight lithographs,https://www.moma.org/media/W1siZiIsIjQ1NDk5OSJdLFsicCIsImNvbnZlcnQiLCItcmVzaXplIDEwMjR4MTAyNFx1MDAzZSJdXQ.jpg?sha=ff1386ce190b51d6
12711.0,"Summer Visitors (Datschniki) from Tevia the Milkman, Volume II",Print,1957,1940–1959 (Абстрактный экспрессионизм),Абстрактный экспрессионизм,One from a portfolio of twenty-eight lithographs,https://www.moma.org/media/W1siZiIsIjQ1NTAwMSJdLFsicCIsImNvbnZlcnQiLCItcmVzaXplIDEwMjR4MTAyNFx1MDAzZSJdXQ.jpg?sha=63bbc58acbdc8573
12712.0,"The Breadwinner (The Pony) from Tevia the Milkman, Volume II",Print,1957,1940–1959 (Абстрактный экспрессионизм),Абстрактный экспрессионизм,One from a portfolio of twenty-eight lithographs,https://www.moma.org/media/W1siZiIsIjQ1NTAwMiJdLFsicCIsImNvbnZlcnQiLCItcmVzaXplIDEwMjR4MTAyNFx1MDAzZSJdXQ.jpg?sha=58d1a45146fb9dd0
12713.0,"Portrait of Hodl (Tevia's Daughter) from Tevia the Milkman, Volume II",Print,1957,1940–1959 (Абстрактный экспрессионизм),Абстрактный экспрессионизм,One from a portfolio of twenty-eight lithographs,https://www.moma.org/media/W1siZiIsIjQ1NTAwMyJdLFsicCIsImNvbnZlcnQiLCItcmVzaXplIDEwMjR4MTAyNFx1MDAzZSJdXQ.jpg?sha=fed4b155e89f8528
12714.0,"Portrait of Pertschik (Pfefferl) from Tevia the Milkman, Volume II",Print,1957,1940–1959 (Абстрактный экспрессионизм),Абстрактный экспрессионизм,One from a portfolio of twenty-eight lithographs,https://www.moma.org/media/W1siZiIsIjQ1NTAwNCJdLFsicCIsImNvbnZlcnQiLCItcmVzaXplIDEwMjR4MTAyNFx1MDAzZSJdXQ.jpg?sha=175f1dc82d709daa
12715.0,"Future Dreams (Pertschik and Hodl) from Tevia the Milkman, Volume II",Print,1957,1940–1959 (Абстрактный экспрессионизм),Абстрактный экспрессионизм,One from a portfolio of twenty-eight lithographs,https://www.moma.org/media/W1siZiIsIjQ1NTAwNSJdLFsicCIsImNvbnZlcnQiLCItcmVzaXplIDEwMjR4MTAyNFx1MDAzZSJdXQ.jpg?sha=94a7cb205c337459
12716.0,"The Rich from Jehupez from Tevia the Milkman, Volume II",Print,1957,1940–1959 (Абстрактный экспрессионизм),Абстрактный экспрессионизм,One from a portfolio of twenty-eight lithographs,https://www.moma.org/media/W1siZiIsIjQ1NTAwNiJdLFsicCIsImNvbnZlcnQiLCItcmVzaXplIDEwMjR4MTAyNFx1MDAzZSJdXQ.jpg?sha=d5a3755974bf22a7
12717.0,"Pertschik's Father (The Elder Pfefferl) from Tevia the Milkman, Volume II",Print,1957,1940–1959 (Абстрактный экспрессионизм),Абстрактный экспрессионизм,One from a portfolio of twenty-eight lithographs,https://www.moma.org/media/W1siZiIsIjQ1NTAwNyJdLFsicCIsImNvbnZlcnQiLCItcmVzaXplIDEwMjR4MTAyNFx1MDAzZSJdXQ.jpg?sha=c9b3b852108c13d7
12718.0,"Colophon from Tevia the Milkman, Volume II",Print,1957,1940–1959 (Абстрактный экспрессионизм),Абстрактный экспрессионизм,One from a portfolio of twenty-eight lithographs,https://www.moma.org/media/W1siZiIsIjQ1NTAwOCJdLFsicCIsImNvbnZlcnQiLCItcmVzaXplIDEwMjR4MTAyNFx1MDAzZSJdXQ.jpg?sha=7d4fb9720db0c4e6
12719.0,"The Matchmaker (Efroim, the Jewish Matchmaker) from Tevia the Milkman, Volume II",Print,1957,1940–1959 (Абстрактный экспрессионизм),Абстрактный экспрессионизм,One from a portfolio of twenty-eight lithographs,https://www.moma.org/media/W1siZiIsIjQ1NTAwOSJdLFsicCIsImNvbnZlcnQiLCItcmVzaXplIDEwMjR4MTAyNFx1MDAzZSJdXQ.jpg?sha=b0f8345773700e58
12720.0,"Summer Outing (on the River Bank) from Tevia the Milkman, Volume II",Print,1957,1940–1959 (Абстрактный экспрессионизм),Абстрактный экспрессионизм,One from a portfolio of twenty-eight lithographs,https://www.moma.org/media/W1siZiIsIjQ1NTIwOCJdLFsicCIsImNvbnZlcnQiLCItcmVzaXplIDEwMjR4MTAyNFx1MDAzZSJdXQ.jpg?sha=b745ed8896fd063b
12721.0,"Communications Zone (on the March in Exile) from Tevia the Milkman, Volume II",Print,1957,1940–1959 (Абстрактный экспрессионизм),Абстрактный экспрессионизм,One from a portfolio of twenty-eight lithographs,https://www.moma.org/media/W1siZiIsIjQ1NTAxMCJdLFsicCIsImNvbnZlcnQiLCItcmVzaXplIDEwMjR4MTAyNFx1MDAzZSJdXQ.jpg?sha=759a8466d434399a
12722.0,"The Wait (Hodl at the Window) from Tevia the Milkman, Volume II",Print,1957,1940–1959 (Абстрактный экспрессионизм),Абстрактный экспрессионизм,One from a portfolio of twenty-eight lithographs,https://www.moma.org/media/W1siZiIsIjQ1NTAxMSJdLFsicCIsImNvbnZlcnQiLCItcmVzaXplIDEwMjR4MTAyNFx1MDAzZSJdXQ.jpg?sha=df2a8715c19b35bd
12723.0,"In Exile (Pertschik and Hodl Reading) from Tevia the Milkman, Volume II",Print,1957,1940–1959 (Абстрактный экспрессионизм),Абстрактный экспрессионизм,One from a portfolio of twenty-eight lithographs,https://www.moma.org/media/W1siZiIsIjQ1NTAxMiJdLFsicCIsImNvbnZlcnQiLCItcmVzaXplIDEwMjR4MTAyNFx1MDAzZSJdXQ.jpg?sha=cf1fc04c3c8ea749
12724.0,"Portrait of Chawa (Tevia's Daughter) from Tevia the Milkman, Volume II",Print,1957,1940–1959 (Абстрактный экспрессионизм),Абстрактный экспрессионизм,One from a portfolio of twenty-eight lithographs,https://www.moma.org/media/W1siZiIsIjQ1NTAxMyJdLFsicCIsImNvbnZlcnQiLCItcmVzaXplIDEwMjR4MTAyNFx1MDAzZSJdXQ.jpg?sha=9c2d6da86cc938ba
12725.0,"Portrait of Fjodor (Fedjka, the Poet) from Tevia the Milkman, Volume II",Print,1957,1940–1959 (Абстрактный экспрессионизм),Абстрактный экспрессионизм,One from a portfolio of twenty-eight lithographs,https://www.moma.org/media/W1siZiIsIjQ1NTAxNCJdLFsicCIsImNvbnZlcnQiLCItcmVzaXplIDEwMjR4MTAyNFx1MDAzZSJdXQ.jpg?sha=b73e87fa2a046e92
12726.0,"Children in Anatewka (in Front of Motl's House) from Tevia the Milkman, Volume II",Print,1957,1940–1959 (Абстрактный экспрессионизм),Абстрактный экспрессионизм,One from a portfolio of twenty-eight lithographs,https://www.moma.org/media/W1siZiIsIjQ1NTAxNSJdLFsicCIsImNvbnZlcnQiLCItcmVzaXplIDEwMjR4MTAyNFx1MDAzZSJdXQ.jpg?sha=702ec654a17f77f5
12727.0,"Table of contents from Tevia the Milkman, Volume II",Print,1957,1940–1959 (Абстрактный экспрессионизм),Абстрактный экспрессионизм,One from a portfolio of twenty-eight lithographs,https://www.moma.org/media/W1siZiIsIjQ1NTAxNiJdLFsicCIsImNvbnZlcnQiLCItcmVzaXplIDEwMjR4MTAyNFx1MDAzZSJdXQ.jpg?sha=8efb40cdfad4d9b1
12728.0,"Tevia and Shalom Aleichem Meeting Again from Tevia the Milkman, Volume II",Print,1957,1940–1959 (Абстрактный экспрессионизм),Абстрактный экспрессионизм,One from a portfolio of twenty-eight lithographs,https://www.moma.org/media/W1siZiIsIjQ1NTAxNyJdLFsicCIsImNvbnZlcnQiLCItcmVzaXplIDEwMjR4MTAyNFx1MDAzZSJdXQ.jpg?sha=36f2c89d5669428d
12729.0,"The Tailor (Motl at Work) from Tevia the Milkman, Volume II",Print,1957,1940–1959 (Абстрактный экспрессионизм),Абстрактный экспрессионизм,One from a portfolio of twenty-eight lithographs,https://www.moma.org/media/W1siZiIsIjQ1NTAxOCJdLFsicCIsImNvbnZlcnQiLCItcmVzaXplIDEwMjR4MTAyNFx1MDAzZSJdXQ.jpg?sha=d66e9b00cd4810ee
12730.0,"On the River (Zejtl Transports the Goats to Market) from Tevia the Milkman, Volume II",Print,1957,1940–1959 (Абстрактный экспрессионизм),Абстрактный экспрессионизм,One from a portfolio of twenty-eight lithographs,https://www.moma.org/media/W1siZiIsIjQ1NTIwOSJdLFsicCIsImNvbnZlcnQiLCItcmVzaXplIDEwMjR4MTAyNFx1MDAzZSJdXQ.jpg?sha=3d7888c0e219ec60
12731.0,"Interior (with Mirror, Samovar, and Lights) from Tevia the Milkman, Volume II",Print,1957,1940–1959 (Абстрактный экспрессионизм),Абстрактный экспрессионизм,One from a portfolio of twenty-eight lithographs,https://www.moma.org/media/W1siZiIsIjQ1NTAxOSJdLFsicCIsImNvbnZlcnQiLCItcmVzaXplIDEwMjR4MTAyNFx1MDAzZSJdXQ.jpg?sha=42c28daa5562f92b
12732.0,"By the Cradle (The Bedroom) from Tevia the Milkman, Volume II",Print,1957,1940–1959 (Абстрактный экспрессионизм),Абстрактный экспрессионизм,One from a portfolio of twenty-eight lithographs,https://www.moma.org/media/W1siZiIsIjQ1NTAyMCJdLFsicCIsImNvbnZlcnQiLCItcmVzaXplIDEwMjR4MTAyNFx1MDAzZSJdXQ.jpg?sha=123f7503c66d3a65
12733.0,"Tevia and Golda from Tevia the Milkman, Volume II",Print,1957,1940–1959 (Абстрактный экспрессионизм),Абстрактный экспрессионизм,One from a portfolio of twenty-eight lithographs,https://www.moma.org/media/W1siZiIsIjQ1NTAyMSJdLFsicCIsImNvbnZlcnQiLCItcmVzaXplIDEwMjR4MTAyNFx1MDAzZSJdXQ.jpg?sha=eee509d363cee7c2
12763.0,Front cover from The Bewitched Tailor,Print,1954,1940–1959 (Абстрактный экспрессионизм),Абстрактный экспрессионизм,One from a portfolio of twenty-eight lithographs (including front and back covers),https://www.moma.org/media/W1siZiIsIjQ0NTY2NyJdLFsicCIsImNvbnZlcnQiLCItcmVzaXplIDEwMjR4MTAyNFx1MDAzZSJdXQ.jpg?sha=e7401344f626b562
12764.0,The Bewitched Tailor,Print,1954,1940–1959 (Абстрактный экспрессионизм),Абстрактный экспрессионизм,Portfolio of twenty-eight lithographs (including front and back covers),https://www.moma.org/media/W1siZiIsIjQ0NTY2NyJdLFsicCIsImNvbnZlcnQiLCItcmVzaXplIDEwMjR4MTAyNFx1MDAzZSJdXQ.jpg?sha=e7401344f626b562
12765.0,The Schoolmaster and His Wife from The Bewitched Tailor,Print,1954,1940–1959 (Абстрактный экспрессионизм),Абстрактный экспрессионизм,One from a portfolio of twenty-eight lithographs (including front and back covers),https://www.moma.org/media/W1siZiIsIjQ0NTgwMyJdLFsicCIsImNvbnZlcnQiLCItcmVzaXplIDEwMjR4MTAyNFx1MDAzZSJdXQ.jpg?sha=d7312045e1ee115d
12766.0,The Village Slodejewka from The Bewitched Tailor,Print,1954,1940–1959 (Абстрактный экспрессионизм),Абстрактный экспрессионизм,One from a portfolio of twenty-eight lithographs (including front and back covers),https://www.moma.org/media/W1siZiIsIjQ0NTgwNCJdLFsicCIsImNvbnZlcnQiLCItcmVzaXplIDEwMjR4MTAyNFx1MDAzZSJdXQ.jpg?sha=bdbb82e1956dc6c7
12767.0,The Village Kosodejewka from The Bewitched Tailor,Print,1954,1940–1959 (Абстрактный экспрессионизм),Абстрактный экспрессионизм,One from a portfolio of twenty-eight lithographs (including front and back covers),https://www.moma.org/media/W1siZiIsIjQ0NTgwNSJdLFsicCIsImNvbnZlcnQiLCItcmVzaXplIDEwMjR4MTAyNFx1MDAzZSJdXQ.jpg?sha=00b3dbfecc08b811
12768.0,Text from The Bewitched Tailor,Print,1954,1940–1959 (Абстрактный экспрессионизм),Абстрактный экспрессионизм,One from a portfolio of twenty-eight lithographs (including front and back covers),https://www.moma.org/media/W1siZiIsIjQ0NTgwNiJdLFsicCIsImNvbnZlcnQiLCItcmVzaXplIDEwMjR4MTAyNFx1MDAzZSJdXQ.jpg?sha=115edc4aeb1839ca
12769.0,First Chapter: The Tailor's Room from The Bewitched Tailor,Print,1954,1940–1959 (Абстрактный экспрессионизм),Абстрактный экспрессионизм,One from a portfolio of twenty-eight lithographs (including front and back covers),https://www.moma.org/media/W1siZiIsIjQ0NTY2OCJdLFsicCIsImNvbnZlcnQiLCItcmVzaXplIDEwMjR4MTAyNFx1MDAzZSJdXQ.jpg?sha=5c9b8354f96b037f
12770.0,Second Chapter: The Tailor Sets Out from The Bewitched Tailor,Print,1954,1940–1959 (Абстрактный экспрессионизм),Абстрактный экспрессионизм,One from a portfolio of twenty-eight lithographs (including front and back covers),https://www.moma.org/media/W1siZiIsIjQ0NTY2OSJdLFsicCIsImNvbnZlcnQiLCItcmVzaXplIDEwMjR4MTAyNFx1MDAzZSJdXQ.jpg?sha=82acc0a60fcfe8c0
12771.0,Third Chapter: The Inn from The Bewitched Tailor,Print,1954,1940–1959 (Абстрактный экспрессионизм),Абстрактный экспрессионизм,One from a portfolio of twenty-eight lithographs (including front and back covers),https://www.moma.org/media/W1siZiIsIjQ0NTY3MCJdLFsicCIsImNvbnZlcnQiLCItcmVzaXplIDEwMjR4MTAyNFx1MDAzZSJdXQ.jpg?sha=4a28e43af6e6f16d
12772.0,Fourth Chapter: The Purchase from The Bewitched Tailor,Print,1954,1940–1959 (Абстрактный экспрессионизм),Абстрактный экспрессионизм,One from a portfolio of twenty-eight lithographs (including front and back covers),https://www.moma.org/media/W1siZiIsIjQ0NTY3MSJdLFsicCIsImNvbnZlcnQiLCItcmVzaXplIDEwMjR4MTAyNFx1MDAzZSJdXQ.jpg?sha=2e6fb5ab149164db
12773.0,Fifth Chapter: The Tailor Drinking at the Inn from The Bewitched Tailor,Print,1954,1940–1959 (Абстрактный экспрессионизм),Абстрактный экспрессионизм,One from a portfolio of twenty-eight lithographs (including front and back covers),https://www.moma.org/media/W1siZiIsIjQ0NTY3MiJdLFsicCIsImNvbnZlcnQiLCItcmVzaXplIDEwMjR4MTAyNFx1MDAzZSJdXQ.jpg?sha=32d203bd5aab2612
12774.0,Sixth Chapter: The Wife Is Waiting from The Bewitched Tailor,Print,1954,1940–1959 (Абстрактный экспрессионизм),Абстрактный экспрессионизм,One from a portfolio of twenty-eight lithographs (including front and back covers),https://www.moma.org/media/W1siZiIsIjQ0NTY3MyJdLFsicCIsImNvbnZlcnQiLCItcmVzaXplIDEwMjR4MTAyNFx1MDAzZSJdXQ.jpg?sha=67c8ffa13649518a
12775.0,Title page from The Bewitched Tailor,Print,1954,1940–1959 (Абстрактный экспрессионизм),Абстрактный экспрессионизм,One from a portfolio of twenty-eight lithographs (including front and back covers),https://www.moma.org/media/W1siZiIsIjQ0NTUyNSJdLFsicCIsImNvbnZlcnQiLCItcmVzaXplIDEwMjR4MTAyNFx1MDAzZSJdXQ.jpg?sha=61947d66ec0483f1
12776.0,Seventh Chapter: At the Rabbi's from The Bewitched Tailor,Print,1954,1940–1959 (Абстрактный экспрессионизм),Абстрактный экспрессионизм,One from a portfolio of twenty-eight lithographs (including front and back covers),https://www.moma.org/media/W1siZiIsIjQ0NTY3NCJdLFsicCIsImNvbnZlcnQiLCItcmVzaXplIDEwMjR4MTAyNFx1MDAzZSJdXQ.jpg?sha=7f5855cf0c6a8618
12777.0,Eighth Chapter: Return Home Quickly from The Bewitched Tailor,Print,1954,1940–1959 (Абстрактный экспрессионизм),Абстрактный экспрессионизм,One from a portfolio of twenty-eight lithographs (including front and back covers),https://www.moma.org/media/W1siZiIsIjQ0NTUyNiJdLFsicCIsImNvbnZlcnQiLCItcmVzaXplIDEwMjR4MTAyNFx1MDAzZSJdXQ.jpg?sha=4d2a58d364292db9
12778.0,Ninth Chapter: Ridiculing the Tailor from The Bewitched Tailor,Print,1954,1940–1959 (Абстрактный экспрессионизм),Абстрактный экспрессионизм,One from a portfolio of twenty-eight lithographs (including front and back covers),https://www.moma.org/media/W1siZiIsIjQ0NTUyNyJdLFsicCIsImNvbnZlcnQiLCItcmVzaXplIDEwMjR4MTAyNFx1MDAzZSJdXQ.jpg?sha=2fe3ecbe36f9121e
12779.0,Tenth Chapter: The Pursuit from The Bewitched Tailor,Print,1954,1940–1959 (Абстрактный экспрессионизм),Абстрактный экспрессионизм,One from a portfolio of twenty-eight lithographs (including front and back covers),https://www.moma.org/media/W1siZiIsIjQ0NTUyOCJdLFsicCIsImNvbnZlcnQiLCItcmVzaXplIDEwMjR4MTAyNFx1MDAzZSJdXQ.jpg?sha=b850e90642b7a119
12780.0,Eleventh Chapter: The Family in Distress from The Bewitched Tailor,Print,1954,1940–1959 (Абстрактный экспрессионизм),Абстрактный экспрессионизм,One from a portfolio of twenty-eight lithographs (including front and back covers),https://www.moma.org/media/W1siZiIsIjQ0NTUyOSJdLFsicCIsImNvbnZlcnQiLCItcmVzaXplIDEwMjR4MTAyNFx1MDAzZSJdXQ.jpg?sha=c362cfc6c39ff3d8
12781.0,Twelfth Chapter: The Indignation from The Bewitched Tailor,Print,1954,1940–1959 (Абстрактный экспрессионизм),Абстрактный экспрессионизм,One from a portfolio of twenty-eight lithographs (including front and back covers),https://www.moma.org/media/W1siZiIsIjQ0NTUzMCJdLFsicCIsImNvbnZlcnQiLCItcmVzaXplIDEwMjR4MTAyNFx1MDAzZSJdXQ.jpg?sha=f4028fcd8bc85aa8
12782.0,Thirteenth Chapter: The Death of the Tailor from The Bewitched Tailor,Print,1954,1940–1959 (Абстрактный экспрессионизм),Абстрактный экспрессионизм,One from a portfolio of twenty-eight lithographs (including front and back covers),https://www.moma.org/media/W1siZiIsIjQ0NTUzMSJdLFsicCIsImNvbnZlcnQiLCItcmVzaXplIDEwMjR4MTAyNFx1MDAzZSJdXQ.jpg?sha=865d57bc56cf6cfb
12783.0,The Final Plate: Portrait of the Author from The Bewitched Tailor,Print,1954,1940–1959 (Абстрактный экспрессионизм),Абстрактный экспрессионизм,One from a portfolio of twenty-eight lithographs (including front and back covers),https://www.moma.org/media/W1siZiIsIjQ0NTUzMiJdLFsicCIsImNvbnZlcnQiLCItcmVzaXplIDEwMjR4MTAyNFx1MDAzZSJdXQ.jpg?sha=4537f96a3fc34947
12784.0,Back cover from The Bewitched Tailor,Print,1954,1940–1959 (Абстрактный экспрессионизм),Абстрактный экспрессионизм,One from a portfolio of twenty-eight lithographs (including front and back covers),https://www.moma.org/media/W1siZiIsIjQ0NTUzMyJdLFsicCIsImNvbnZlcnQiLCItcmVzaXplIDEwMjR4MTAyNFx1MDAzZSJdXQ.jpg?sha=7bb51741981568da
12785.0,Table of contents from The Bewitched Tailor,Print,1954,1940–1959 (Абстрактный экспрессионизм),Абстрактный экспрессионизм,One from a portfolio of twenty-eight lithographs (including front and back covers),https://www.moma.org/media/W1siZiIsIjQ0NTUzNCJdLFsicCIsImNvbnZlcnQiLCItcmVzaXplIDEwMjR4MTAyNFx1MDAzZSJdXQ.jpg?sha=87d71bdae8ab9c40
12786.0,Foreword from The Bewitched Tailor,Print,1954,1940–1959 (Абстрактный экспрессионизм),Абстрактный экспрессионизм,One from a portfolio of twenty-eight lithographs (including front and back covers),https://www.moma.org/media/W1siZiIsIjQ0NTUzNSJdLFsicCIsImNvbnZlcnQiLCItcmVzaXplIDEwMjR4MTAyNFx1MDAzZSJdXQ.jpg?sha=1da9108e756c8399
12787.0,Text from The Bewitched Tailor,Print,1954,1940–1959 (Абстрактный экспрессионизм),Абстрактный экспрессионизм,One from a portfolio of twenty-eight lithographs (including front and back covers),https://www.moma.org/media/W1siZiIsIjQ0NTUzNiJdLFsicCIsImNvbnZlcnQiLCItcmVzaXplIDEwMjR4MTAyNFx1MDAzZSJdXQ.jpg?sha=54b925950c8f012f
12788.0,Cast of characters from The Bewitched Tailor,Print,1954,1940–1959 (Абстрактный экспрессионизм),Абстрактный экспрессионизм,One from a portfolio of twenty-eight lithographs (including front and back covers),https://www.moma.org/media/W1siZiIsIjQ0NTUzNyJdLFsicCIsImNvbnZlcnQiLCItcmVzaXplIDEwMjR4MTAyNFx1MDAzZSJdXQ.jpg?sha=b7a6139bb377afa3
12789.0,The Tailor from The Bewitched Tailor,Print,1954,1940–1959 (Абстрактный экспрессионизм),Абстрактный экспрессионизм,One from a portfolio of twenty-eight lithographs (including front and back covers),https://www.moma.org/media/W1siZiIsIjQ0NTUzOCJdLFsicCIsImNvbnZlcnQiLCItcmVzaXplIDEwMjR4MTAyNFx1MDAzZSJdXQ.jpg?sha=988fedb519aa5955
12790.0,The Tailor's Wife from The Bewitched Tailor,Print,1954,1940–1959 (Абстрактный экспрессионизм),Абстрактный экспрессионизм,One from a portfolio of twenty-eight lithographs (including front and back covers),https://www.moma.org/media/W1siZiIsIjQ0NTUzOSJdLFsicCIsImNvbnZlcnQiLCItcmVzaXplIDEwMjR4MTAyNFx1MDAzZSJdXQ.jpg?sha=e78a914eb2128c93
12791.0,Portrait of the Innkeeper from The Bewitched Tailor,Print,1954,1940–1959 (Абстрактный экспрессионизм),Абстрактный экспрессионизм,One from a portfolio of twenty-eight lithographs (including front and back covers),https://www.moma.org/media/W1siZiIsIjQ0NTU0MCJdLFsicCIsImNvbnZlcnQiLCItcmVzaXplIDEwMjR4MTAyNFx1MDAzZSJdXQ.jpg?sha=15fc5d8c094e3d08
13291.0,Misticheskie obrazy voiny. 14 litografii (Mystical Images of War: Fourteen Lithographs),Print,1914,"Начало XX в. (Модерн, Ранний авангард)","Модерн, Ранний авангард",Portfolio of fourteen lithographs with letterpress cover,https://www.moma.org/media/W1siZiIsIjIxMDYyNyJdLFsicCIsImNvbnZlcnQiLCItcmVzaXplIDEwMjR4MTAyNFx1MDAzZSJdXQ.jpg?sha=fbe7c54a819a0dff
13295.0,Geroi i zhertvy revoliutsii. Oktiabr' 1917–1918 (Heroes and Victims of the Revolution: October 1917–1918),Print,1918,"1915–1939 (Авангард, Конструктивизм, Сюрреализм)","Авангард, Конструктивизм, Сюрреализм",Portfolio of eighteen lithographs,https://www.moma.org/media/W1siZiIsIjM3NjA4MCJdLFsicCIsImNvbnZlcnQiLCItcmVzaXplIDEwMjR4MTAyNFx1MDAzZSJdXQ.jpg?sha=8ad085f009046faa
13471.0,Kartinki-Voina russkikh s nemtsami (Russia's War with the Germans in Pictures),Print,1914,"Начало XX в. (Модерн, Ранний авангард)","Модерн, Ранний авангард",Portfolio of 101 lithographs with watercolor and gouache additions and lithographed manuscript text,https://www.moma.org/media/W1siZiIsIjQzMDg2MiJdLFsicCIsImNvbnZlcnQiLCItcmVzaXplIDEwMjR4MTAyNFx1MDAzZSJdXQ.jpg?sha=bdf79acca3c5c20b
13621.0,Second Illustration for Chapter One (Zweite Illustration zu Kapitel Eins) from Die Fürstin (The Duchess),Print,1917,"1915–1939 (Авангард, Конструктивизм, Сюрреализм)","Авангард, Конструктивизм, Сюрреализм",Drypoint,https://www.moma.org/media/W1siZiIsIjExMjg2NCJdLFsicCIsImNvbnZlcnQiLCItcmVzaXplIDEwMjR4MTAyNFx1MDAzZSJdXQ.jpg?sha=72a7074568f14f8b
14181.0,"Printer's proof of cover for Kniga o knigakh (Book about Books), no. 4",Print,1924,"1915–1939 (Авангард, Конструктивизм, Сюрреализм)","Авангард, Конструктивизм, Сюрреализм",Letterpress,https://www.moma.org/media/W1siZiIsIjI2NjI3MyJdLFsicCIsImNvbnZlcnQiLCItcmVzaXplIDEwMjR4MTAyNFx1MDAzZSJdXQ.jpg?sha=05500d88c711cfb1
14201.0,Study for cover of Novyi LEF (New LEF),Drawing,1926,"1915–1939 (Авангард, Конструктивизм, Сюрреализм)","Авангард, Конструктивизм, Сюрреализм",Pencil and colored pencil on graph paper,https://www.moma.org/media/W1siZiIsIjUzMDU0NCJdLFsicCIsImNvbnZlcnQiLCItcmVzaXplIDEwMjR4MTAyNFx1MDAzZSJdXQ.jpg?sha=31ba36ff183a625e
14215.0,Dimensional Curve Interlace,Drawing,1928,"1915–1939 (Авангард, Конструктивизм, Сюрреализм)","Авангард, Конструктивизм, Сюрреализм","Ink, watercolor, and pencil on paper",https://www.moma.org/media/W1siZiIsIjIwODU5NiJdLFsicCIsImNvbnZlcnQiLCItcmVzaXplIDEwMjR4MTAyNFx1MDAzZSJdXQ.jpg?sha=e599c346a0e0cbad
14220.0,The Bride of Corinth (Die Braut von Korinth),Print,1932,"1915–1939 (Авангард, Конструктивизм, Сюрреализм)","Авангард, Конструктивизм, Сюрреализм",Lithograph,https://www.moma.org/media/W1siZiIsIjExODY2NiJdLFsicCIsImNvbnZlcnQiLCItcmVzaXplIDEwMjR4MTAyNFx1MDAzZSJdXQ.jpg?sha=4a9476a40c9bf420
14221.0,"Invitation to a lecture given by Zdanevich, on October 23 in Tiflis",Print,1920,"1915–1939 (Авангард, Конструктивизм, Сюрреализм)","Авангард, Конструктивизм, Сюрреализм",Letterpress,https://www.moma.org/media/W1siZiIsIjUzMDU0OCJdLFsicCIsImNvbnZlcnQiLCItcmVzaXplIDEwMjR4MTAyNFx1MDAzZSJdXQ.jpg?sha=f1364184d8a1fa59
14225.0,Invitation to Terent'ev's May Day soiree,Print,1920,"1915–1939 (Авангард, Конструктивизм, Сюрреализм)","Авангард, Конструктивизм, Сюрреализм",Linoleum cut,https://www.moma.org/media/W1siZiIsIjIxMDg4MiJdLFsicCIsImNvbnZlcnQiLCItcmVzaXplIDEwMjR4MTAyNFx1MDAzZSJdXQ.jpg?sha=b0d3cdb02026b1a2
14230.0,A Is an Alphabet,Print,1953,1940–1959 (Абстрактный экспрессионизм),Абстрактный экспрессионизм,Portfolio of 26 offset lithographs,https://www.moma.org/media/W1siZiIsIjIzNzU3OCJdLFsicCIsImNvbnZlcnQiLCItcmVzaXplIDEwMjR4MTAyNFx1MDAzZSJdXQ.jpg?sha=c6f1956030e25bf2
14231.0,Untitled manuscript of verse,Drawing,1917,"1915–1939 (Авангард, Конструктивизм, Сюрреализм)","Авангард, Конструктивизм, Сюрреализм",Ink on paper,https://www.moma.org/media/W1siZiIsIjYxOTE3MyJdLFsicCIsImNvbnZlcnQiLCItcmVzaXplIDEwMjR4MTAyNFx1MDAzZSJdXQ.jpg?sha=9a26bc5266c80574
14236.0,Letterhead for the journal Za rubezhom (Abroad),Print,1930,"1915–1939 (Авангард, Конструктивизм, Сюрреализм)","Авангард, Конструктивизм, Сюрреализм",Letterpress,https://www.moma.org/media/W1siZiIsIjIwODYxNiJdLFsicCIsImNvbnZlcnQiLCItcmVzaXplIDEwMjR4MTAyNFx1MDAzZSJdXQ.jpg?sha=23c9f3bb319fae0b
14248.0,Loose pages of documentation on 41 Degrees from magazine of the period,Print,1918,"1915–1939 (Авангард, Конструктивизм, Сюрреализм)","Авангард, Конструктивизм, Сюрреализм",Letterpress,https://www.moma.org/media/W1siZiIsIjI2MjIyNiJdLFsicCIsImNvbnZlcnQiLCItcmVzaXplIDEwMjR4MTAyNFx1MDAzZSJdXQ.jpg?sha=06b967b58c75076a
14250.0,Maquette for cover of Agronomy,Drawing,1930,"1915–1939 (Авангард, Конструктивизм, Сюрреализм)","Авангард, Конструктивизм, Сюрреализм","Cut-and-pasted printed paper and cut-and-pasted gelatin silver print with gouache, ink, and pencil additions on board",https://www.moma.org/media/W1siZiIsIjI2NDgwOSJdLFsicCIsImNvbnZlcnQiLCItcmVzaXplIDEwMjR4MTAyNFx1MDAzZSJdXQ.jpg?sha=5101d242c0357d0f
14253.0,Untitled manuscript of verse,Print,1917,"1915–1939 (Авангард, Конструктивизм, Сюрреализм)","Авангард, Конструктивизм, Сюрреализм",Letterpress,https://www.moma.org/media/W1siZiIsIjI2NjI3OCJdLFsicCIsImNvbnZlcnQiLCItcmVzaXplIDEwMjR4MTAyNFx1MDAzZSJdXQ.jpg?sha=27a6b56634bb2f40
14270.0,Untitled,Drawing,1914,"Начало XX в. (Модерн, Ранний авангард)","Модерн, Ранний авангард",Pencil on paper,https://www.moma.org/media/W1siZiIsIjIwODYyNiJdLFsicCIsImNvbnZlcnQiLCItcmVzaXplIDEwMjR4MTAyNFx1MDAzZSJdXQ.jpg?sha=b3cd86d01bd21d7f
14272.0,Golda Meir (I) Prime Minister (plate 1) from Jerusalem Faces,Print,1973,"1960–1979 (Поп-арт, Минимализм, Концептуализм)","Поп-арт, Минимализм, Концептуализм",One from a portfolio of six lithographs,https://www.moma.org/media/W1siZiIsIjEyMTQwMyJdLFsicCIsImNvbnZlcnQiLCItcmVzaXplIDEwMjR4MTAyNFx1MDAzZSJdXQ.jpg?sha=0890596279f0984f
14273.0,Jerusalem Faces,Print,1973,"1960–1979 (Поп-арт, Минимализм, Концептуализм)","Поп-арт, Минимализм, Концептуализм",Portfolio of six lithographs,https://www.moma.org/media/W1siZiIsIjEyMTQwMyJdLFsicCIsImNvbnZlcnQiLCItcmVzaXplIDEwMjR4MTAyNFx1MDAzZSJdXQ.jpg?sha=0890596279f0984f
14274.0,Dr. Shimon Agranat (plate 2) from Jerusalem Faces,Print,1973,"1960–1979 (Поп-арт, Минимализм, Концептуализм)","Поп-арт, Минимализм, Концептуализм",One from a portfolio of six lithographs,https://www.moma.org/media/W1siZiIsIjEyMTQwNSJdLFsicCIsImNvbnZlcnQiLCItcmVzaXplIDEwMjR4MTAyNFx1MDAzZSJdXQ.jpg?sha=7442d419a08dafe9
14275.0,His Beatitude Benedictos I Greek Orthodox Patriarch of Jerusalem (plate 3) from Jerusalem Faces,Print,1973,"1960–1979 (Поп-арт, Минимализм, Концептуализм)","Поп-арт, Минимализм, Концептуализм",One from a portfolio of six lithographs,https://www.moma.org/media/W1siZiIsIjEyMTQwNiJdLFsicCIsImNvbnZlcnQiLCItcmVzaXplIDEwMjR4MTAyNFx1MDAzZSJdXQ.jpg?sha=16f4e04f1946d32b
14276.0,Moshe Dyan Minister of Defense (plate 4) from Jerusalem Faces,Print,1973,"1960–1979 (Поп-арт, Минимализм, Концептуализм)","Поп-арт, Минимализм, Концептуализм",One from a portfolio of six lithographs,https://www.moma.org/media/W1siZiIsIjEyMTQwNyJdLFsicCIsImNvbnZlcnQiLCItcmVzaXplIDEwMjR4MTAyNFx1MDAzZSJdXQ.jpg?sha=4dd1dd78e353a9a9
14277.0,Sheik Mustafa Khalil el-Ansari Chief Warden of the Mosque of Omar (plate 5) from Jerusalem Faces,Print,1973,"1960–1979 (Поп-арт, Минимализм, Концептуализм)","Поп-арт, Минимализм, Концептуализм",One from a portfolio of six lithographs,https://www.moma.org/media/W1siZiIsIjEyMTkzNCJdLFsicCIsImNvbnZlcnQiLCItcmVzaXplIDEwMjR4MTAyNFx1MDAzZSJdXQ.jpg?sha=653b9a36d297a1ff
14278.0,Teddy Kolleck Mayor of Jerusalem  (plate 6) from Jerusalem Faces,Print,1973,"1960–1979 (Поп-арт, Минимализм, Концептуализм)","Поп-арт, Минимализм, Концептуализм",One from a portfolio of six lithographs,https://www.moma.org/media/W1siZiIsIjEyMTkzNSJdLFsicCIsImNvbnZlcnQiLCItcmVzaXplIDEwMjR4MTAyNFx1MDAzZSJdXQ.jpg?sha=4e9d947319347fd0
14324.0,Portrait of D. P. Gordeev,Print,1923,"1915–1939 (Авангард, Конструктивизм, Сюрреализм)","Авангард, Конструктивизм, Сюрреализм",Letterpress,https://www.moma.org/media/W1siZiIsIjI0OTQzMiJdLFsicCIsImNvbnZlcnQiLCItcmVzaXplIDEwMjR4MTAyNFx1MDAzZSJdXQ.jpg?sha=1f163d7546bb7aca
14345.0,Study for cover of Rechevik (Orator),Drawing,1928,"1915–1939 (Авангард, Конструктивизм, Сюрреализм)","Авангард, Конструктивизм, Сюрреализм",Pencil and colored pencil on graph paper,https://www.moma.org/media/W1siZiIsIjUzMDU4NCJdLFsicCIsImNvbnZlcnQiLCItcmVzaXplIDEwMjR4MTAyNFx1MDAzZSJdXQ.jpg?sha=cc16f11abd186a15
14346.0,Drawing for Mouchoir de Nuages,Drawing,1925,"1915–1939 (Авангард, Конструктивизм, Сюрреализм)","Авангард, Конструктивизм, Сюрреализм",Pen and ink on paper,https://www.moma.org/media/W1siZiIsIjE2MzQyNCJdLFsicCIsImNvbnZlcnQiLCItcmVzaXplIDEwMjR4MTAyNFx1MDAzZSJdXQ.jpg?sha=5e07f2e99057d049
14366.0,Study for cover of Sovremennaia Arkhitektura (Contemporary Architecture),Drawing,1929,"1915–1939 (Авангард, Конструктивизм, Сюрреализм)","Авангард, Конструктивизм, Сюрреализм",Pencil and colored pencil on lined paper,https://www.moma.org/media/W1siZiIsIjIwODYzNyJdLFsicCIsImNvbnZlcnQiLCItcmVzaXplIDEwMjR4MTAyNFx1MDAzZSJdXQ.jpg?sha=0ddc66b3292be07d
14372.0,Announcement for a series of lectures on Italian Futurism to be delivered by Il'ia Zdanevich at the Fantastic Tavern in Tiflis,Print,1918,"1915–1939 (Авангард, Конструктивизм, Сюрреализм)","Авангард, Конструктивизм, Сюрреализм",Letterpress,https://www.moma.org/media/W1siZiIsIjI2NDgxOCJdLFsicCIsImNvbnZlcnQiLCItcmVzaXplIDEwMjR4MTAyNFx1MDAzZSJdXQ.jpg?sha=47ebffb5b059834f
14373.0,Study for Tribun Poetov (Tribune of Poets),Drawing,1929,"1915–1939 (Авангард, Конструктивизм, Сюрреализм)","Авангард, Конструктивизм, Сюрреализм",Gouache on paper,https://www.moma.org/media/W1siZiIsIjI2NDgxOSJdLFsicCIsImNvbnZlcnQiLCItcmVzaXplIDEwMjR4MTAyNFx1MDAzZSJdXQ.jpg?sha=7f24c1302ba7b1d1
14384.0,Sketch for Turnir Poetov (Tournament of Poets),Drawing,1928,"1915–1939 (Авангард, Конструктивизм, Сюрреализм)","Авангард, Конструктивизм, Сюрреализм",Gouache on paper,https://www.moma.org/media/W1siZiIsIjI2MjkyNCJdLFsicCIsImNvbnZlcnQiLCItcmVzaXplIDEwMjR4MTAyNFx1MDAzZSJdXQ.jpg?sha=ca91fb6edefb13ac
14385.0,Manuscript of Rekord nezhnosti: Zhitie Il'ia Zdanevicha (Record of Tenderness: Hagiography of Il'ia Zdanevich),Drawing,1919,"1915–1939 (Авангард, Конструктивизм, Сюрреализм)","Авангард, Конструктивизм, Сюрреализм",Colored pencil and ink on paper,https://www.moma.org/media/W1siZiIsIjI2NjI4NCJdLFsicCIsImNvbnZlcnQiLCItcmVzaXplIDEwMjR4MTAyNFx1MDAzZSJdXQ.jpg?sha=3eb1470855184531
14391.0,Untitled,Drawing,1917,"1915–1939 (Авангард, Конструктивизм, Сюрреализм)","Авангард, Конструктивизм, Сюрреализм",Pen and ink,https://www.moma.org/media/W1siZiIsIjI2NDgyMCJdLFsicCIsImNvbnZlcnQiLCItcmVzaXplIDEwMjR4MTAyNFx1MDAzZSJdXQ.jpg?sha=dadd6007026b5478
14393.0,Untitled,Drawing,1919,"1915–1939 (Авангард, Конструктивизм, Сюрреализм)","Авангард, Конструктивизм, Сюрреализм",Pencil on paper,https://www.moma.org/media/W1siZiIsIjI0NzgyNyJdLFsicCIsImNvbnZlcnQiLCItcmVzaXplIDEwMjR4MTAyNFx1MDAzZSJdXQ.jpg?sha=e9831f2bfc6aa690
14412.0,"Visiting card of Kara-Darvish, with drawing by Kirill Zdanevich entitled The Furious Lady",Drawing,1918,"1915–1939 (Авангард, Конструктивизм, Сюрреализм)","Авангард, Конструктивизм, Сюрреализм",Pencil on paper,https://www.moma.org/media/W1siZiIsIjI2NDgyMiJdLFsicCIsImNvbnZlcnQiLCItcmVzaXplIDEwMjR4MTAyNFx1MDAzZSJdXQ.jpg?sha=0a547c5bdd76ed15
14483.0,"Untitled (plate, folio 2 verso) from Estadios y Cordilleras (Stadiums and Mountain Ranges)",Print,1973,"1960–1979 (Поп-арт, Минимализм, Концептуализм)","Поп-арт, Минимализм, Концептуализм",One from a portfolio with seven screenprints,https://www.moma.org/media/W1siZiIsIjE4MDE1MyJdLFsicCIsImNvbnZlcnQiLCItcmVzaXplIDEwMjR4MTAyNFx1MDAzZSJdXQ.jpg?sha=550529626561b9b3
14485.0,"Untitled (plate, folio 4) from Estadios y Cordilleras (Stadiums and Mountain Ranges)",Print,1973,"1960–1979 (Поп-арт, Минимализм, Концептуализм)","Поп-арт, Минимализм, Концептуализм",One from a portfolio with seven screenprints,https://www.moma.org/media/W1siZiIsIjE4MDI2MiJdLFsicCIsImNvbnZlcnQiLCItcmVzaXplIDEwMjR4MTAyNFx1MDAzZSJdXQ.jpg?sha=80a663fd4a7321a6
14486.0,"Untitled (plate, folio 5) from Estadios y Cordilleras (Stadiums and Mountain Ranges)",Print,1973,"1960–1979 (Поп-арт, Минимализм, Концептуализм)","Поп-арт, Минимализм, Концептуализм",One from a portfolio with seven screenprints,https://www.moma.org/media/W1siZiIsIjE4MDEyOCJdLFsicCIsImNvbnZlcnQiLCItcmVzaXplIDEwMjR4MTAyNFx1MDAzZSJdXQ.jpg?sha=efa7ffa73d452f05
14487.0,"Untitled (plate, folio 6) from Estadios y Cordilleras (Stadiums and Mountain Ranges)",Print,1973,"1960–1979 (Поп-арт, Минимализм, Концептуализм)","Поп-арт, Минимализм, Концептуализм",One from a portfolio with seven screenprints,https://www.moma.org/media/W1siZiIsIjE4MDE0MCJdLFsicCIsImNvbnZlcnQiLCItcmVzaXplIDEwMjR4MTAyNFx1MDAzZSJdXQ.jpg?sha=bb8ccb315c28e354
14488.0,"Untitled (plate, folio 7) from Estadios y Cordilleras (Stadiums and Mountain Ranges)",Print,1973,"1960–1979 (Поп-арт, Минимализм, Концептуализм)","Поп-арт, Минимализм, Концептуализм",One from a portfolio with seven screenprints,https://www.moma.org/media/W1siZiIsIjE4MDE3MyJdLFsicCIsImNvbnZlcnQiLCItcmVzaXplIDEwMjR4MTAyNFx1MDAzZSJdXQ.jpg?sha=b39b0d1255ad6ce7
14489.0,"Untitled (plate, folio 8) from Estadios y Cordilleras (Stadiums and Mountain Ranges)",Print,1973,"1960–1979 (Поп-арт, Минимализм, Концептуализм)","Поп-арт, Минимализм, Концептуализм",One from a portfolio with seven screenprints,https://www.moma.org/media/W1siZiIsIjE4MDI2MyJdLFsicCIsImNvbnZlcnQiLCItcmVzaXplIDEwMjR4MTAyNFx1MDAzZSJdXQ.jpg?sha=fc45cc475f514bae
14490.0,"Untitled (plate, folio 9) from Estadios y Cordilleras (Stadiums and Mountain Ranges)",Print,1973,"1960–1979 (Поп-арт, Минимализм, Концептуализм)","Поп-арт, Минимализм, Концептуализм",One from a portfolio with seven screenprints,https://www.moma.org/media/W1siZiIsIjE4MDE1NCJdLFsicCIsImNvbnZlcnQiLCItcmVzaXplIDEwMjR4MTAyNFx1MDAzZSJdXQ.jpg?sha=eab05807144502a8
14777.0,Plate (folio 5) from the portfolio Rose or Star (Rose oder Stern),Print,1964,"1960–1979 (Поп-арт, Минимализм, Концептуализм)","Поп-арт, Минимализм, Концептуализм",Screenprint from a portfolio of texts and eight screenprints,https://www.moma.org/media/W1siZiIsIjIwNjI5NiJdLFsicCIsImNvbnZlcnQiLCItcmVzaXplIDEwMjR4MTAyNFx1MDAzZSJdXQ.jpg?sha=26d1cca4702628f8
14778.0,Rose or Star (Rose oder Stern),Print,1964,"1960–1979 (Поп-арт, Минимализм, Концептуализм)","Поп-арт, Минимализм, Концептуализм","Portfolio of eight screenprints on white and colored paper, four pages of poetry, two pages of text, and one title page",https://www.moma.org/media/W1siZiIsIjIwNjI5NyJdLFsicCIsImNvbnZlcnQiLCItcmVzaXplIDEwMjR4MTAyNFx1MDAzZSJdXQ.jpg?sha=d6c7229ffa7cf605
14779.0,Plate (folio 6) from the portfolio Rose or Star (Rose oder Stern),Print,1965,"1960–1979 (Поп-арт, Минимализм, Концептуализм)","Поп-арт, Минимализм, Концептуализм",Screenprint on colored paper from a portfolio of texts and eight screenprints,https://www.moma.org/media/W1siZiIsIjIwNjI5OCJdLFsicCIsImNvbnZlcnQiLCItcmVzaXplIDEwMjR4MTAyNFx1MDAzZSJdXQ.jpg?sha=13ab1c81e64f8d14
14780.0,Plate (folio 7) from the portfolio Rose or Star (Rose oder Stern),Print,1965,"1960–1979 (Поп-арт, Минимализм, Концептуализм)","Поп-арт, Минимализм, Концептуализм",Screenprint from a portfolio of texts and eight screenprints,https://www.moma.org/media/W1siZiIsIjIwNjI5OSJdLFsicCIsImNvbnZlcnQiLCItcmVzaXplIDEwMjR4MTAyNFx1MDAzZSJdXQ.jpg?sha=65616deb71e13344
14781.0,Plate (folio 8) from the portfolio Rose or Star (Rose oder Stern),Print,1964,"1960–1979 (Поп-арт, Минимализм, Концептуализм)","Поп-арт, Минимализм, Концептуализм",Screenprint on colored paper from a portfolio of texts and eight screenprints,https://www.moma.org/media/W1siZiIsIjIwNTE0NSJdLFsicCIsImNvbnZlcnQiLCItcmVzaXplIDEwMjR4MTAyNFx1MDAzZSJdXQ.jpg?sha=a3ef8f5b687e1d22
14782.0,Plate (folio 9) from the portfolio Rose or Star (Rose oder Stern),Print,1965,"1960–1979 (Поп-арт, Минимализм, Концептуализм)","Поп-арт, Минимализм, Концептуализм",Screenprint on colored paper from a portfolio of texts and eight screenprints,https://www.moma.org/media/W1siZiIsIjIwNTczNyJdLFsicCIsImNvbnZlcnQiLCItcmVzaXplIDEwMjR4MTAyNFx1MDAzZSJdXQ.jpg?sha=1fa0e15793394170
14783.0,Plate (folio 10) from the portfolio Rose or Star (Rose oder Stern),Print,1965,"1960–1979 (Поп-арт, Минимализм, Концептуализм)","Поп-арт, Минимализм, Концептуализм",Screenprint from a portfolio of texts and eight screenprints,https://www.moma.org/media/W1siZiIsIjIwNjMwMCJdLFsicCIsImNvbnZlcnQiLCItcmVzaXplIDEwMjR4MTAyNFx1MDAzZSJdXQ.jpg?sha=dee77967eac2c80c
14784.0,Plate (folio 11) from the portfolio Rose or Star (Rose oder Stern),Print,1964,"1960–1979 (Поп-арт, Минимализм, Концептуализм)","Поп-арт, Минимализм, Концептуализм",Screenprint on colored paper from a portfolio of texts and eight screenprints,https://www.moma.org/media/W1siZiIsIjIwNTczOCJdLFsicCIsImNvbnZlcnQiLCItcmVzaXplIDEwMjR4MTAyNFx1MDAzZSJdXQ.jpg?sha=45fb192d405e5b6b
14785.0,Plate (folio 12) from the portfolio Rose or Star (Rose oder Stern),Print,1965,"1960–1979 (Поп-арт, Минимализм, Концептуализм)","Поп-арт, Минимализм, Концептуализм",Screenprint from a portfolio of texts and eight screenprints,https://www.moma.org/media/W1siZiIsIjIwNTczOSJdLFsicCIsImNvbnZlcnQiLCItcmVzaXplIDEwMjR4MTAyNFx1MDAzZSJdXQ.jpg?sha=d0b9c1858b9f309e
14908.0,"Trial proof for ""They Have Ruined Even the Ruins,"" plate XXXIV from Miserere",Print,1926,"1915–1939 (Авангард, Конструктивизм, Сюрреализм)","Авангард, Конструктивизм, Сюрреализм","Aquatint, lift ground aquatint, and drypoint with roulette over photogravure",https://www.moma.org/media/W1siZiIsIjIxOTkxNSJdLFsicCIsImNvbnZlcnQiLCItcmVzaXplIDEwMjR4MTAyNFx1MDAzZSJdXQ.jpg?sha=15a0c294eefaccdb
14925.0,"Trial proof for It Would be So Sweet to Love!, plate XIII from Miserere",Print,1923,"1915–1939 (Авангард, Конструктивизм, Сюрреализм)","Авангард, Конструктивизм, Сюрреализм","Lift ground aquatint, etching, and drypoint over photogravure
",https://www.moma.org/media/W1siZiIsIjIxOTkxNyJdLFsicCIsImNvbnZlcnQiLCItcmVzaXplIDEwMjR4MTAyNFx1MDAzZSJdXQ.jpg?sha=5dfae397663a9271
14926.0,"Trial proof for Christ Laying On His Hands, rejected plate from Miserere",Print,1922,"1915–1939 (Авангард, Конструктивизм, Сюрреализм)","Авангард, Конструктивизм, Сюрреализм",Aquatint with roulette over photogravure,https://www.moma.org/media/W1siZiIsIjIxOTkxOCJdLFsicCIsImNvbnZlcnQiLCItcmVzaXplIDEwMjR4MTAyNFx1MDAzZSJdXQ.jpg?sha=05527519ee026335
16281.0,"Trial proof for We Think Ourselves Kings, plate VII from Miserere",Print,1923,"1915–1939 (Авангард, Конструктивизм, Сюрреализм)","Авангард, Конструктивизм, Сюрреализм","Aquatint, lift ground aquatint, and drypoint with roulette over photogravure",https://www.moma.org/media/W1siZiIsIjIxOTU4OSJdLFsicCIsImNvbnZlcnQiLCItcmVzaXplIDEwMjR4MTAyNFx1MDAzZSJdXQ.jpg?sha=dea6c44fc2937cb9
16284.0,"Trial proof for In the Land of Thirst and Terror, plate XXVI from Miserere",Print,1923,"1915–1939 (Авангард, Конструктивизм, Сюрреализм)","Авангард, Конструктивизм, Сюрреализм",Aquatint and lift ground aquatint with roulette over photogravure,https://www.moma.org/media/W1siZiIsIjIyMDA1MCJdLFsicCIsImNvbnZlcnQiLCItcmVzaXplIDEwMjR4MTAyNFx1MDAzZSJdXQ.jpg?sha=642534651a0f0093
16449.0,Iskusstvo. Vestnik otdela izobrazitel'nykh iskusstv narodnogo Komissariata po prosveshcheniiu (Art: Bulletin of the Department of Visual Arts in the People's Commissariat for Enlightenment),Print,1919,"1915–1939 (Авангард, Конструктивизм, Сюрреализм)","Авангард, Конструктивизм, Сюрреализм","Complete set of eight issues of periodical, with line block reproductions in most",https://www.moma.org/media/W1siZiIsIjIxMTIxNCJdLFsicCIsImNvbnZlcnQiLCItcmVzaXplIDEwMjR4MTAyNFx1MDAzZSJdXQ.jpg?sha=2a17a32c61f41873
16456.0,Plate 2 from the illustrated book Naturelles by René de Solier,Print,1946,1940–1959 (Абстрактный экспрессионизм),Абстрактный экспрессионизм,Drypoint,https://www.moma.org/media/W1siZiIsIjUxNzc1MSJdLFsicCIsImNvbnZlcnQiLCItcmVzaXplIDEwMjR4MTAyNFx1MDAzZSJdXQ.jpg?sha=cda0a8220bd58d3e
16490.0,Plate I from Wrinkle,Print,1968,"1960–1979 (Поп-арт, Минимализм, Концептуализм)","Поп-арт, Минимализм, Концептуализм",One from a portfolio of ten photogravures,https://www.moma.org/media/W1siZiIsIjIyNDA3MyJdLFsicCIsImNvbnZlcnQiLCItcmVzaXplIDEwMjR4MTAyNFx1MDAzZSJdXQ.jpg?sha=a205743df6c8b5c0
16491.0,Wrinkle,Print,1968,"1960–1979 (Поп-арт, Минимализм, Концептуализм)","Поп-арт, Минимализм, Концептуализм",Portfolio of ten photogravures,https://www.moma.org/media/W1siZiIsIjE5MjQ1MiJdLFsicCIsImNvbnZlcnQiLCItcmVzaXplIDEwMjR4MTAyNFx1MDAzZSJdXQ.jpg?sha=5e0696ea9290fe38
16492.0,Plate X from Wrinkle,Print,1968,"1960–1979 (Поп-арт, Минимализм, Концептуализм)","Поп-арт, Минимализм, Концептуализм",One from a portfolio of ten photogravures,https://www.moma.org/media/W1siZiIsIjIyNDA4MiJdLFsicCIsImNvbnZlcnQiLCItcmVzaXplIDEwMjR4MTAyNFx1MDAzZSJdXQ.jpg?sha=7398b2579397efa9
16493.0,Plate II from Wrinkle,Print,1968,"1960–1979 (Поп-арт, Минимализм, Концептуализм)","Поп-арт, Минимализм, Концептуализм",One from a portfolio of ten photogravures,https://www.moma.org/media/W1siZiIsIjIyNDA3NCJdLFsicCIsImNvbnZlcnQiLCItcmVzaXplIDEwMjR4MTAyNFx1MDAzZSJdXQ.jpg?sha=4ddd5781c012ce39
16494.0,Plate III from Wrinkle,Print,1968,"1960–1979 (Поп-арт, Минимализм, Концептуализм)","Поп-арт, Минимализм, Концептуализм",One from a portfolio of ten photogravures,https://www.moma.org/media/W1siZiIsIjIyNDA3NSJdLFsicCIsImNvbnZlcnQiLCItcmVzaXplIDEwMjR4MTAyNFx1MDAzZSJdXQ.jpg?sha=3ce1ed4eb3403cb3
16495.0,Plate IV from Wrinkle,Print,1968,"1960–1979 (Поп-арт, Минимализм, Концептуализм)","Поп-арт, Минимализм, Концептуализм",One from a portfolio of ten photogravures,https://www.moma.org/media/W1siZiIsIjIyNDA3NiJdLFsicCIsImNvbnZlcnQiLCItcmVzaXplIDEwMjR4MTAyNFx1MDAzZSJdXQ.jpg?sha=54cf853a2c237e9b
16496.0,Plate V from Wrinkle,Print,1968,"1960–1979 (Поп-арт, Минимализм, Концептуализм)","Поп-арт, Минимализм, Концептуализм",One from a portfolio of ten photogravures,https://www.moma.org/media/W1siZiIsIjIyNDA3NyJdLFsicCIsImNvbnZlcnQiLCItcmVzaXplIDEwMjR4MTAyNFx1MDAzZSJdXQ.jpg?sha=262a008dbc77e264
16497.0,Plate VI from Wrinkle,Print,1968,"1960–1979 (Поп-арт, Минимализм, Концептуализм)","Поп-арт, Минимализм, Концептуализм",One from a portfolio of ten photogravures,https://www.moma.org/media/W1siZiIsIjIyNDA3OCJdLFsicCIsImNvbnZlcnQiLCItcmVzaXplIDEwMjR4MTAyNFx1MDAzZSJdXQ.jpg?sha=a9cd775ecc62158c
16498.0,Plate VII from Wrinkle,Print,1968,"1960–1979 (Поп-арт, Минимализм, Концептуализм)","Поп-арт, Минимализм, Концептуализм",One from a portfolio of ten photogravures,https://www.moma.org/media/W1siZiIsIjIyNDA3OSJdLFsicCIsImNvbnZlcnQiLCItcmVzaXplIDEwMjR4MTAyNFx1MDAzZSJdXQ.jpg?sha=8d86393845e0347e
16499.0,Plate VIII from Wrinkle,Print,1968,"1960–1979 (Поп-арт, Минимализм, Концептуализм)","Поп-арт, Минимализм, Концептуализм",One from a portfolio of ten photogravures,https://www.moma.org/media/W1siZiIsIjIyNDA4MCJdLFsicCIsImNvbnZlcnQiLCItcmVzaXplIDEwMjR4MTAyNFx1MDAzZSJdXQ.jpg?sha=cc0d7cd8a20d5b95
16500.0,Plate IX from Wrinkle,Print,1968,"1960–1979 (Поп-арт, Минимализм, Концептуализм)","Поп-арт, Минимализм, Концептуализм",One from a portfolio of ten photogravures,https://www.moma.org/media/W1siZiIsIjIyNDA4MSJdLFsicCIsImNvbnZlcnQiLCItcmVzaXplIDEwMjR4MTAyNFx1MDAzZSJdXQ.jpg?sha=ea774acf42136232
16502.0,Frontispiece from the illustrated book Naturelles by René de Solier,Print,1946,1940–1959 (Абстрактный экспрессионизм),Абстрактный экспрессионизм,Drypoint,https://www.moma.org/media/W1siZiIsIjUxNzc1MiJdLFsicCIsImNvbnZlcnQiLCItcmVzaXplIDEwMjR4MTAyNFx1MDAzZSJdXQ.jpg?sha=12cb1155ae76f7f6
16551.0,"Trial proof for Jesus Mocked..., plate II from Miserere",Print,1922,"1915–1939 (Авангард, Конструктивизм, Сюрреализм)","Авангард, Конструктивизм, Сюрреализм",Aquatint and drypoint with roulette over photogravure,https://www.moma.org/media/W1siZiIsIjIyMDA1NSJdLFsicCIsImNvbnZlcnQiLCItcmVzaXplIDEwMjR4MTAyNFx1MDAzZSJdXQ.jpg?sha=36fc5be5ccc2de61
16567.0,"Trial proof for Eternally Scourged..., plate III from Miserere",Print,1922,"1915–1939 (Авангард, Конструктивизм, Сюрреализм)","Авангард, Конструктивизм, Сюрреализм","Aquatint, etching, and drypoint with roulette over photogravure",https://www.moma.org/media/W1siZiIsIjIyMDA1NyJdLFsicCIsImNvbnZlcnQiLCItcmVzaXplIDEwMjR4MTAyNFx1MDAzZSJdXQ.jpg?sha=7b3304f8ccf0bff6
16605.0,"Trial proof for Take Refuge in Your Heart, Miserable Vagabond, plate IV from Miserere",Print,1922,"1915–1939 (Авангард, Конструктивизм, Сюрреализм)","Авангард, Конструктивизм, Сюрреализм","Aquatint, etching, and drypoint with roulette over photogravure, with pen and ink additions",https://www.moma.org/media/W1siZiIsIjIyMTQwNyJdLFsicCIsImNvbnZlcnQiLCItcmVzaXplIDEwMjR4MTAyNFx1MDAzZSJdXQ.jpg?sha=52a0851a2eaa0bd7
16620.0,"Trial proof for Who Does Not Paint Himself a Face?, plate VIII from Miserere",Print,1923,"1915–1939 (Авангард, Конструктивизм, Сюрреализм)","Авангард, Конструктивизм, Сюрреализм",Aquatint and drypoint with roulette over photogravure,https://www.moma.org/media/W1siZiIsIjIyMDA1OCJdLFsicCIsImNvbnZlcnQiLCItcmVzaXplIDEwMjR4MTAyNFx1MDAzZSJdXQ.jpg?sha=592b47d6e39abbe5
16651.0,"Trial proof for Tomorrow Will Be Beautiful, Said The Shipwrecked Man, plate XI from Miserere",Print,1922,"1915–1939 (Авангард, Конструктивизм, Сюрреализм)","Авангард, Конструктивизм, Сюрреализм",Aquatintand drypoint with roulette over photogravure,https://www.moma.org/media/W1siZiIsIjIyMTQwOCJdLFsicCIsImNvbnZlcnQiLCItcmVzaXplIDEwMjR4MTAyNFx1MDAzZSJdXQ.jpg?sha=131465b2350758f4
16661.0,"Trial proof for It is Hard to Live..., plate XII from Miserere",Print,1922,"1915–1939 (Авангард, Конструктивизм, Сюрреализм)","Авангард, Конструктивизм, Сюрреализм","Aquatint, etching, and drypoint with roulette over photogravure",https://www.moma.org/media/W1siZiIsIjIyMDA1OSJdLFsicCIsImNvbnZlcnQiLCItcmVzaXplIDEwMjR4MTAyNFx1MDAzZSJdXQ.jpg?sha=9aff440a3141f1d1
16663.0,"Trial proof for Daughter of Joy, So-Called, plate XIV from Miserere",Print,1922,"1915–1939 (Авангард, Конструктивизм, Сюрреализм)","Авангард, Конструктивизм, Сюрреализм","Aquatint and drypoint with roulette over photogravure, with pen and ink additions",https://www.moma.org/media/W1siZiIsIjIyMDA2MCJdLFsicCIsImNvbnZlcnQiLCItcmVzaXplIDEwMjR4MTAyNFx1MDAzZSJdXQ.jpg?sha=f860e36170e94789
16665.0,"Trial proof for Mouth that was Fresh, Bitter as Gall, plate XV from Miserere",Print,1922,"1915–1939 (Авангард, Конструктивизм, Сюрреализм)","Авангард, Конструктивизм, Сюрреализм",Aquatint and drypoint with roulette over photogravure,https://www.moma.org/media/W1siZiIsIjIyMTQwOSJdLFsicCIsImNvbnZlcnQiLCItcmVzaXplIDEwMjR4MTAyNFx1MDAzZSJdXQ.jpg?sha=331c01164ba9e051
16668.0,"Trial proof for The Society Lady Fancies She Has a Rserved Seat in Heaven, plate XVI from Miserere",Print,1922,"1915–1939 (Авангард, Конструктивизм, Сюрреализм)","Авангард, Конструктивизм, Сюрреализм",Aquatint and drypoint with roulette over photogravure,https://www.moma.org/media/W1siZiIsIjIyMDA2MSJdLFsicCIsImNvbnZlcnQiLCItcmVzaXplIDEwMjR4MTAyNFx1MDAzZSJdXQ.jpg?sha=c935bf1110da5806
16669.0,Untitled,Drawing,1952,1940–1959 (Абстрактный экспрессионизм),Абстрактный экспрессионизм,Colored pencil and pencil on paper,https://www.moma.org/media/W1siZiIsIjI2NDg0MSJdLFsicCIsImNvbnZlcnQiLCItcmVzaXplIDEwMjR4MTAyNFx1MDAzZSJdXQ.jpg?sha=1e685c128be1791e
16670.0,"Trial proof for The Condemned is Led Away..., plate XVIII from Miserere",Print,1922,"1915–1939 (Авангард, Конструктивизм, Сюрреализм)","Авангард, Конструктивизм, Сюрреализм","Aquatint, etching, and drypoint with roulette over photogravure, with pen and ink additions",https://www.moma.org/media/W1siZiIsIjIyMDA2MiJdLFsicCIsImNvbnZlcnQiLCItcmVzaXplIDEwMjR4MTAyNFx1MDAzZSJdXQ.jpg?sha=9be72d77de1df83b
16674.0,Foto-monter Dzhon Khartfil'd (The Photomontager John Heartfield),Print,1931,"1915–1939 (Авангард, Конструктивизм, Сюрреализм)","Авангард, Конструктивизм, Сюрреализм","Pamphlet, letterpress printed",https://www.moma.org/media/W1siZiIsIjUzMDY3OSJdLFsicCIsImNvbnZlcnQiLCItcmVzaXplIDEwMjR4MTAyNFx1MDAzZSJdXQ.jpg?sha=6e525d1669b1b32a
16675.0,"Trial proof for Street of the Lonely, plate XXIII from Miserere",Print,1922,"1915–1939 (Авангард, Конструктивизм, Сюрреализм)","Авангард, Конструктивизм, Сюрреализм","Aquatint, etching, and drypoint with roulette over photogravure, with pen and ink additions",https://www.moma.org/media/W1siZiIsIjIyMDA2NCJdLFsicCIsImNvbnZlcnQiLCItcmVzaXplIDEwMjR4MTAyNFx1MDAzZSJdXQ.jpg?sha=cb877e29df1f6142
16686.0,Title page from Toupies,Print,1925,"1915–1939 (Авангард, Конструктивизм, Сюрреализм)","Авангард, Конструктивизм, Сюрреализм",Pochoir and lithograph from a portfolio with fourteen etching and pochoirs,https://www.moma.org/media/W1siZiIsIjYxMTkyNCJdLFsicCIsImNvbnZlcnQiLCItcmVzaXplIDEwMjR4MTAyNFx1MDAzZSJdXQ.jpg?sha=5ea9e48007c73605
16688.0,"Harlequin Hamlet , plate from the illustrated book Toupies",Print,1925,"1915–1939 (Авангард, Конструктивизм, Сюрреализм)","Авангард, Конструктивизм, Сюрреализм",Etching and pochoir from a portfolio with fourteen etching and pochoirs,https://www.moma.org/media/W1siZiIsIjE2MTgzNiJdLFsicCIsImNvbnZlcnQiLCItcmVzaXplIDEwMjR4MTAyNFx1MDAzZSJdXQ.jpg?sha=49fe6ee81492c61b
16689.0,"Harlequin Diplomat , plate from the illustrated book Toupies",Print,1925,"1915–1939 (Авангард, Конструктивизм, Сюрреализм)","Авангард, Конструктивизм, Сюрреализм","Etching, aquatint, and pochoir from a portfolio with fourteen etching and pochoirs",https://www.moma.org/media/W1siZiIsIjE2MTgzNyJdLFsicCIsImNvbnZlcnQiLCItcmVzaXplIDEwMjR4MTAyNFx1MDAzZSJdXQ.jpg?sha=2075a2b9234cf280
16690.0,"Harlequin Knight of Malta , plate from the illustrated book Toupies",Print,1925,"1915–1939 (Авангард, Конструктивизм, Сюрреализм)","Авангард, Конструктивизм, Сюрреализм",Etching with roulette and pochoir from a portfolio with fourteen etching and pochoirs,https://www.moma.org/media/W1siZiIsIjE2MTgzOCJdLFsicCIsImNvbnZlcnQiLCItcmVzaXplIDEwMjR4MTAyNFx1MDAzZSJdXQ.jpg?sha=e14d97e9f7d82737
16691.0,"Homosexual Harlequin , plate from the illustrated book Toupies",Print,1925,"1915–1939 (Авангард, Конструктивизм, Сюрреализм)","Авангард, Конструктивизм, Сюрреализм",Etching and pochoir from a portfolio with fourteen etching and pochoirs,https://www.moma.org/media/W1siZiIsIjE2MTgzOSJdLFsicCIsImNvbnZlcnQiLCItcmVzaXplIDEwMjR4MTAyNFx1MDAzZSJdXQ.jpg?sha=4d48b16fb2fea6d7
16692.0,"Dancing Harlequin, plate from the illustrated book Toupies",Print,1925,"1915–1939 (Авангард, Конструктивизм, Сюрреализм)","Авангард, Конструктивизм, Сюрреализм","Etching, aquatint, and pochoir from a portfolio with fourteen etching and pochoirs",https://www.moma.org/media/W1siZiIsIjE2MTg0MCJdLFsicCIsImNvbnZlcnQiLCItcmVzaXplIDEwMjR4MTAyNFx1MDAzZSJdXQ.jpg?sha=0263d37b1a0d7ef6
16693.0,Plate (folio 6) from the illustrated book Toupies,Print,1925,"1915–1939 (Авангард, Конструктивизм, Сюрреализм)","Авангард, Конструктивизм, Сюрреализм",Drypoint and pochoir from a portfolio with fourteen etching and pochoirs,https://www.moma.org/media/W1siZiIsIjE2MTg0MSJdLFsicCIsImNvbnZlcnQiLCItcmVzaXplIDEwMjR4MTAyNFx1MDAzZSJdXQ.jpg?sha=9e5079d8b844b604
16694.0,"Harlequin General , plate from the illustrated book Toupies",Print,1925,"1915–1939 (Авангард, Конструктивизм, Сюрреализм)","Авангард, Конструктивизм, Сюрреализм","Etching, aquatint, and pochoir from a portfolio with fourteen etching and pochoirs",https://www.moma.org/media/W1siZiIsIjE2MTg0MiJdLFsicCIsImNvbnZlcnQiLCItcmVzaXplIDEwMjR4MTAyNFx1MDAzZSJdXQ.jpg?sha=40e5e9d83de6ea64
16695.0,"Harlequin Mime , plate (folio 8) from the illustrated book Toupies",Print,1925,"1915–1939 (Авангард, Конструктивизм, Сюрреализм)","Авангард, Конструктивизм, Сюрреализм",Etching and pochoir from a portfolio with fourteen etching and pochoirs,https://www.moma.org/media/W1siZiIsIjE2MTg0MyJdLFsicCIsImNvbnZlcnQiLCItcmVzaXplIDEwMjR4MTAyNFx1MDAzZSJdXQ.jpg?sha=19d611a5080ecd14
16696.0,"Jesuit Harlequin , plate (folio 9) from the illustrated book Toupies",Print,1925,"1915–1939 (Авангард, Конструктивизм, Сюрреализм)","Авангард, Конструктивизм, Сюрреализм",Etching and pochoir from a portfolio with fourteen etching and pochoirs,https://www.moma.org/media/W1siZiIsIjE2MTg0NCJdLFsicCIsImNvbnZlcnQiLCItcmVzaXplIDEwMjR4MTAyNFx1MDAzZSJdXQ.jpg?sha=8e70ba1a576b99fc
16697.0,"Harlequin's Lust , plate (folio 10) from the illustrated book Toupies",Print,1925,"1915–1939 (Авангард, Конструктивизм, Сюрреализм)","Авангард, Конструктивизм, Сюрреализм","Etching, aquatint, and pochoir from a portfolio with fourteen etching and pochoirs",https://www.moma.org/media/W1siZiIsIjE2MTg0NSJdLFsicCIsImNvbnZlcnQiLCItcmVzaXplIDEwMjR4MTAyNFx1MDAzZSJdXQ.jpg?sha=6d24022d76f75fd5
16698.0,"Harlequin and the Gardener , plate from the illustrated book Toupies",Print,1925,"1915–1939 (Авангард, Конструктивизм, Сюрреализм)","Авангард, Конструктивизм, Сюрреализм",Etching and pochoir from a portfolio with fourteen etching and pochoirs,https://www.moma.org/media/W1siZiIsIjE2MTg0NiJdLFsicCIsImNvbnZlcnQiLCItcmVzaXplIDEwMjR4MTAyNFx1MDAzZSJdXQ.jpg?sha=918c3c83a7492ded
16699.0,"Harlequin General , plate from the illustrated book Toupies",Print,1925,"1915–1939 (Авангард, Конструктивизм, Сюрреализм)","Авангард, Конструктивизм, Сюрреализм","Etching, aquatint, and pochoir from a portfolio with fourteen etching and pochoirs",https://www.moma.org/media/W1siZiIsIjE2MTg0NyJdLFsicCIsImNvbnZlcnQiLCItcmVzaXplIDEwMjR4MTAyNFx1MDAzZSJdXQ.jpg?sha=21574738f8ef27e0
16700.0,"Harlequin and his Shadow (plate, folio 13) from Toupies",Print,1925,"1915–1939 (Авангард, Конструктивизм, Сюрреализм)","Авангард, Конструктивизм, Сюрреализм",Etching and pochoir from a portfolio with fourteen etching and pochoirs,https://www.moma.org/media/W1siZiIsIjE2MTg0OCJdLFsicCIsImNvbnZlcnQiLCItcmVzaXplIDEwMjR4MTAyNFx1MDAzZSJdXQ.jpg?sha=3f3d196e2b21aa76
16701.0,"Trial proof for Sing Matins, A New Day Is Born, plate XXIX from Miserere",Print,1922,"1915–1939 (Авангард, Конструктивизм, Сюрреализм)","Авангард, Конструктивизм, Сюрреализм",Aquatint and drypoint with roulette over photogravure,https://www.moma.org/media/W1siZiIsIjIyMDA2NyJdLFsicCIsImNvbnZlcnQiLCItcmVzaXplIDEwMjR4MTAyNFx1MDAzZSJdXQ.jpg?sha=0a28804202e72f4f
16706.0,"Trial proof for And Veronica With Her Delicate Linen Still Goes Her Way..., plate XXXIII from Miserere",Print,1922,"1915–1939 (Авангард, Конструктивизм, Сюрреализм)","Авангард, Конструктивизм, Сюрреализм",Aquatint and drypoint with roulette over photogravure,https://www.moma.org/media/W1siZiIsIjIyMDA2OSJdLFsicCIsImNvbnZlcnQiLCItcmVzaXplIDEwMjR4MTAyNFx1MDAzZSJdXQ.jpg?sha=0a7557d51d762e31
16728.0,"Trial proof for This Will Be The Last Time, Little Father!, plate XXXVI from Miserere",Print,1927,"1915–1939 (Авангард, Конструктивизм, Сюрреализм)","Авангард, Конструктивизм, Сюрреализм",Aquatint and drypoint with roulette over photogravure,https://www.moma.org/media/W1siZiIsIjIyMDA3MCJdLFsicCIsImNvbnZlcnQiLCItcmVzaXplIDEwMjR4MTAyNFx1MDAzZSJdXQ.jpg?sha=df8a4c28afee6a7f
16734.0,"Trial proof for Man Is A Wolf To Man, plate XXXVII from Miserere",Print,1926,"1915–1939 (Авангард, Конструктивизм, Сюрреализм)","Авангард, Конструктивизм, Сюрреализм","Aquatint and drypoint over photogravure, with pen and ink additions",https://www.moma.org/media/W1siZiIsIjIyMDA3MSJdLFsicCIsImNvbnZlcnQiLCItcmVzaXplIDEwMjR4MTAyNFx1MDAzZSJdXQ.jpg?sha=bb13f065a9717305
16736.0,"Trial proof for Face To Face, plate XL from Miserere",Print,1926,"1915–1939 (Авангард, Конструктивизм, Сюрреализм)","Авангард, Конструктивизм, Сюрреализм","Aquatint, etching, and drypoint with roulette over photogravure",https://www.moma.org/media/W1siZiIsIjIyMDA3MiJdLFsicCIsImNvbnZlcnQiLCItcmVzaXplIDEwMjR4MTAyNFx1MDAzZSJdXQ.jpg?sha=8bbfcf19062cc77b
16788.0,"Trial proof for Death Took Him As He Rose From His Bed of Nettles, plate XLV from Miserere",Print,1922,"1915–1939 (Авангард, Конструктивизм, Сюрреализм)","Авангард, Конструктивизм, Сюрреализм","Aquatint, etching, and drypoint with roulette over photogravure",https://www.moma.org/media/W1siZiIsIjIyMDA3NSJdLFsicCIsImNvbnZlcnQiLCItcmVzaXplIDEwMjR4MTAyNFx1MDAzZSJdXQ.jpg?sha=2368815e8e873627
16824.0,"Trial proof for In The Press, The Grapes Were Trodden, plate XLVIII from Miserere",Print,1922,"1915–1939 (Авангард, Конструктивизм, Сюрреализм)","Авангард, Конструктивизм, Сюрреализм",Aquatint and drypoint with roulette over photogravure,https://www.moma.org/media/W1siZiIsIjIyMDA3NyJdLFsicCIsImNvbnZlcnQiLCItcmVzaXplIDEwMjR4MTAyNFx1MDAzZSJdXQ.jpg?sha=378e38efb55acbbd
16843.0,"Plus le coeur est noble, moins le col est roide (The Nobler the Heart, the Less Stiff the Collar) for the illustrated book Miserere",Print,1926,"1915–1939 (Авангард, Конструктивизм, Сюрреализм)","Авангард, Конструктивизм, Сюрреализм","Aquatint, drypoint and photogravure with ink additions",https://www.moma.org/media/W1siZiIsIjUxNzc2NiJdLFsicCIsImNvbnZlcnQiLCItcmVzaXplIDEwMjR4MTAyNFx1MDAzZSJdXQ.jpg?sha=4af4aa3e9fe382ec
16884.0,"Trial proof for ""With Tooth and Nail,"" plate L from Miserere",Print,1926,"1915–1939 (Авангард, Конструктивизм, Сюрреализм)","Авангард, Конструктивизм, Сюрреализм","Aquatint and drypoint over photogravure, with pen and ink additions",https://www.moma.org/media/W1siZiIsIjIyMDA3OSJdLFsicCIsImNvbnZlcnQiLCItcmVzaXplIDEwMjR4MTAyNFx1MDAzZSJdXQ.jpg?sha=e05a5766b8d96e38
16924.0,"Trial proof for Sometimes The Blind Have Comforted Those Who See, plate LV from Miserere",Print,1926,"1915–1939 (Авангард, Конструктивизм, Сюрреализм)","Авангард, Конструктивизм, Сюрреализм","Aquatint, etching, and drypoint with roulette over photogravure, with pen and ink additions",https://www.moma.org/media/W1siZiIsIjIyMDA4MCJdLFsicCIsImNvbnZlcnQiLCItcmVzaXplIDEwMjR4MTAyNFx1MDAzZSJdXQ.jpg?sha=9e9714397a2e8e4a
16927.0,"Trial proof for In These Dark Times Of Vainglory And Unbelief, Our Lady of Land's End Keeps Vigil, plate LVI from Miserere",Print,1927,"1915–1939 (Авангард, Конструктивизм, Сюрреализм)","Авангард, Конструктивизм, Сюрреализм","Aquatint, etching, and drypoint with roulette over photogravure",https://www.moma.org/media/W1siZiIsIjIyMDA4MSJdLFsicCIsImNvbnZlcnQiLCItcmVzaXplIDEwMjR4MTAyNFx1MDAzZSJdXQ.jpg?sha=d315d67600731afa
16997.0,Dognat' i peregnat' v tekhniko-ekonomicheskom otnoshenii peredovye kapitalisticheskie strany v 10 let. 70 kartinnye diagrammna otkrytkakh (To Catch up with and Surpass the Leading Capitalist Countries in Technical and Economic Affairs in 10 Years. 70 Pictorial Diagrams on Postcards),Print,1931,"1915–1939 (Авангард, Конструктивизм, Сюрреализм)","Авангард, Конструктивизм, Сюрреализм","Portfolio of 70 postcards and one booklet, letterpress printed",https://www.moma.org/media/W1siZiIsIjI1NTM5MyJdLFsicCIsImNvbnZlcnQiLCItcmVzaXplIDEwMjR4MTAyNFx1MDAzZSJdXQ.jpg?sha=22945c9a988be507
17173.0,Trace from Witness,Print,1968,"1960–1979 (Поп-арт, Минимализм, Концептуализм)","Поп-арт, Минимализм, Концептуализм",One from a portfolio of ten screenprints with collage additions,https://www.moma.org/media/W1siZiIsIjI1Mzc5MiJdLFsicCIsImNvbnZlcnQiLCItcmVzaXplIDEwMjR4MTAyNFx1MDAzZSJdXQ.jpg?sha=c220974aa9a13fb4
17174.0,Witness,Print,1968,"1960–1979 (Поп-арт, Минимализм, Концептуализм)","Поп-арт, Минимализм, Концептуализм",Portfolio of ten screenprints with collage additions,https://www.moma.org/media/W1siZiIsIjI1Mzc5MSJdLFsicCIsImNvbnZlcnQiLCItcmVzaXplIDEwMjR4MTAyNFx1MDAzZSJdXQ.jpg?sha=b88af6f98bcf4d92
17175.0,Headers from Witness,Print,1968,"1960–1979 (Поп-арт, Минимализм, Концептуализм)","Поп-арт, Минимализм, Концептуализм",One from a portfolio of ten screenprints with collage additions,https://www.moma.org/media/W1siZiIsIjI1NDY2MyJdLFsicCIsImNvbnZlcnQiLCItcmVzaXplIDEwMjR4MTAyNFx1MDAzZSJdXQ.jpg?sha=d11c5f043bf6895e
17176.0,Two Players from Witness,Print,1968,"1960–1979 (Поп-арт, Минимализм, Концептуализм)","Поп-арт, Минимализм, Концептуализм",One from a portfolio of ten screenprints with collage additions,https://www.moma.org/media/W1siZiIsIjI1Mzc5MyJdLFsicCIsImNvbnZlcnQiLCItcmVzaXplIDEwMjR4MTAyNFx1MDAzZSJdXQ.jpg?sha=faf4fe1c0d569fe4
17177.0,Chevelere Assigne from Witness,Print,1968,"1960–1979 (Поп-арт, Минимализм, Концептуализм)","Поп-арт, Минимализм, Концептуализм",One from a portfolio of ten screenprints with collage additions,https://www.moma.org/media/W1siZiIsIjI1Mzc5NCJdLFsicCIsImNvbnZlcnQiLCItcmVzaXplIDEwMjR4MTAyNFx1MDAzZSJdXQ.jpg?sha=52fd17b110615860
17178.0,Two Tunnels from Witness,Print,1968,"1960–1979 (Поп-арт, Минимализм, Концептуализм)","Поп-арт, Минимализм, Концептуализм",One from a portfolio of ten screenprints with collage additions,https://www.moma.org/media/W1siZiIsIjI2MzIyNiJdLFsicCIsImNvbnZlcnQiLCItcmVzaXplIDEwMjR4MTAyNFx1MDAzZSJdXQ.jpg?sha=983f7feb67bbe7f8
17179.0,Glide from Witness,Print,1968,"1960–1979 (Поп-арт, Минимализм, Концептуализм)","Поп-арт, Минимализм, Концептуализм",One from a portfolio of ten screenprints with collage additions,https://www.moma.org/media/W1siZiIsIjI2MzIyNyJdLFsicCIsImNvbnZlcnQiLCItcmVzaXplIDEwMjR4MTAyNFx1MDAzZSJdXQ.jpg?sha=162db42a070ed442
17180.0,Screen from Witness,Print,1968,"1960–1979 (Поп-арт, Минимализм, Концептуализм)","Поп-арт, Минимализм, Концептуализм",One from a portfolio of ten screenprints with collage additions,https://www.moma.org/media/W1siZiIsIjI1Mzc5NSJdLFsicCIsImNvbnZlcnQiLCItcmVzaXplIDEwMjR4MTAyNFx1MDAzZSJdXQ.jpg?sha=c294d8364a487475
17181.0,Three Axes from Witness,Print,1968,"1960–1979 (Поп-арт, Минимализм, Концептуализм)","Поп-арт, Минимализм, Концептуализм",One from a portfolio of ten screenprints with collage additions,https://www.moma.org/media/W1siZiIsIjI1Mzc5NiJdLFsicCIsImNvbnZlcnQiLCItcmVzaXplIDEwMjR4MTAyNFx1MDAzZSJdXQ.jpg?sha=93d7e2052170cc72
17182.0,Gold Standard from Witness,Print,1968,"1960–1979 (Поп-арт, Минимализм, Концептуализм)","Поп-арт, Минимализм, Концептуализм",One from a portfolio of ten screenprints with collage additions,https://www.moma.org/media/W1siZiIsIjI1Mzc5NyJdLFsicCIsImNvbnZlcnQiLCItcmVzaXplIDEwMjR4MTAyNFx1MDAzZSJdXQ.jpg?sha=33c050af896f31d2
17183.0,Follow Me from Witness,Print,1968,"1960–1979 (Поп-арт, Минимализм, Концептуализм)","Поп-арт, Минимализм, Концептуализм",One from a portfolio of ten screenprints with collage additions,https://www.moma.org/media/W1siZiIsIjI1Mzc5OCJdLFsicCIsImNvbnZlcnQiLCItcmVzaXplIDEwMjR4MTAyNFx1MDAzZSJdXQ.jpg?sha=59cbace702bccf19
17205.0,Rrose Sélavy in Wilson-Lincoln System from To and From Rrose Sélavy,Print,1967,"1960–1979 (Поп-арт, Минимализм, Концептуализм)","Поп-арт, Минимализм, Концептуализм",Lenticular print on board,https://www.moma.org/media/W1siZiIsIjIwODk0MyJdLFsicCIsImNvbnZlcnQiLCItcmVzaXplIDEwMjR4MTAyNFx1MDAzZSJdXQ.jpg?sha=02f3b9401a1dca43
18247.0,Unbound plate from Nevelson's World,Print,1983,Конец XX в. (Постмодернизм),Постмодернизм,Screenprint,https://www.moma.org/media/W1siZiIsIjQyNjM0NCJdLFsicCIsImNvbnZlcnQiLCItcmVzaXplIDEwMjR4MTAyNFx1MDAzZSJdXQ.jpg?sha=0104318a44931eaf
18817.0,"Concetto Spaziale (Teatrino), plate 1, from the portfolio Quattro oggetti di Lucio Fontana e due poesie di Salvatore Quasimodo (Four Objects by Lucio Fontana and Two Poems by Salvatore Quasimodo)",Print,1965,"1960–1979 (Поп-арт, Минимализм, Концептуализм)","Поп-арт, Минимализм, Концептуализм",One from a portfolio with four screenprint and die-cuts on aluminum foil,https://www.moma.org/media/W1siZiIsIjU3NTI2MCJdLFsicCIsImNvbnZlcnQiLCItcmVzaXplIDEwMjR4MTAyNFx1MDAzZSJdXQ.jpg?sha=65706d7f3f2b5d9b
18819.0,"Concetto Spaziale (Teatrino), plate 2, from the portfolio Quattro oggetti di Lucio Fontana e due poesie di Salvatore Quasimodo (Four Objects by Lucio Fontana and Two Poems by Salvatore Quasimodo)",Print,1965,"1960–1979 (Поп-арт, Минимализм, Концептуализм)","Поп-арт, Минимализм, Концептуализм",One from a portfolio with four screenprint and die-cuts on aluminum foil,https://www.moma.org/media/W1siZiIsIjU3NTI2MSJdLFsicCIsImNvbnZlcnQiLCItcmVzaXplIDEwMjR4MTAyNFx1MDAzZSJdXQ.jpg?sha=078a82616ab79963
18820.0,"Concetto Spaziale (Teatrino), plate 2, from the portfolio Quattro oggetti di Lucio Fontana e due poesie di Salvatore Quasimodo (Four Objects by Lucio Fontana and Two Poems by Salvatore Quasimodo)",Print,1965,"1960–1979 (Поп-арт, Минимализм, Концептуализм)","Поп-арт, Минимализм, Концептуализм",One from a portfolio with four screenprint and die-cuts on aluminum foil,https://www.moma.org/media/W1siZiIsIjU3NTI2MiJdLFsicCIsImNvbnZlcnQiLCItcmVzaXplIDEwMjR4MTAyNFx1MDAzZSJdXQ.jpg?sha=101f8e788e6b0b6f
18821.0,"Concetto Spaziale (Teatrino), plate 4, from the portfolio Quattro oggetti di Lucio Fontana e due poesie di Salvatore Quasimodo (Four Objects by Lucio Fontana and Two Poems by Salvatore Quasimodo)",Print,1965,"1960–1979 (Поп-арт, Минимализм, Концептуализм)","Поп-арт, Минимализм, Концептуализм",One from a portfolio with four screenprint and die-cuts on aluminum foil,https://www.moma.org/media/W1siZiIsIjU3NTI2MyJdLFsicCIsImNvbnZlcnQiLCItcmVzaXplIDEwMjR4MTAyNFx1MDAzZSJdXQ.jpg?sha=bb85d2bc674fcd3a
19511.0,Couple in the Mangue (Casal no Mangue) from Mangue,Print,1941,1940–1959 (Абстрактный экспрессионизм),Абстрактный экспрессионизм,"Woodcut from a portfolio with three woodcuts, one lithograph with hand additions and forty-two line block reproductions",https://www.moma.org/media/W1siZiIsIjE3MTA4MiJdLFsicCIsImNvbnZlcnQiLCItcmVzaXplIDEwMjR4MTAyNFx1MDAzZSJdXQ.jpg?sha=08cf4f218556890c
19512.0,Mangue,Print,1941,1940–1959 (Абстрактный экспрессионизм),Абстрактный экспрессионизм,"Portfolio with three woodcuts, one lithograph with hand additions, and forty-two line block reproductions",https://www.moma.org/media/W1siZiIsIjE3MTA4MSJdLFsicCIsImNvbnZlcnQiLCItcmVzaXplIDEwMjR4MTAyNFx1MDAzZSJdXQ.jpg?sha=3803dc1d138daf3f
19513.0,Seated Woman of the Mangue (Mulher do Mangue sentada) from Mangue,Print,1941,1940–1959 (Абстрактный экспрессионизм),Абстрактный экспрессионизм,"Woodcut from a portfolio with three woodcuts, one lithograph with hand additions and forty-two line block reproductions",https://www.moma.org/media/W1siZiIsIjE3MTA4MyJdLFsicCIsImNvbnZlcnQiLCItcmVzaXplIDEwMjR4MTAyNFx1MDAzZSJdXQ.jpg?sha=b01abae1e2a26093
19514.0,Group from the Mangue (Grupo do Mangue) from Mangue,Print,1941,1940–1959 (Абстрактный экспрессионизм),Абстрактный экспрессионизм,"Woodcut from a portfolio with three woodcuts, one lithograph with hand additions and forty-two line block reproductions",https://www.moma.org/media/W1siZiIsIjE3MTA4NCJdLFsicCIsImNvbnZlcnQiLCItcmVzaXplIDEwMjR4MTAyNFx1MDAzZSJdXQ.jpg?sha=1928904bffbbebc6
19515.0,Women of the Mangue (Mulheres do Mangue) from Mangue,Print,1941,1940–1959 (Абстрактный экспрессионизм),Абстрактный экспрессионизм,"Lithograph with hand additions from a portfolio with three woodcuts, one lithograph with hand additions and forty-two line block reproductions",https://www.moma.org/media/W1siZiIsIjE3MTA4NSJdLFsicCIsImNvbnZlcnQiLCItcmVzaXplIDEwMjR4MTAyNFx1MDAzZSJdXQ.jpg?sha=8d3d408fa3aa70a4
19631.0,Plate (folio 4) from 10 Origin,Print,1942,1940–1959 (Абстрактный экспрессионизм),Абстрактный экспрессионизм,"Woodcut from a portfolio of six linoleum cuts, three woodcuts, and one lithograph",https://www.moma.org/media/W1siZiIsIjQ3NTU4MyJdLFsicCIsImNvbnZlcnQiLCItcmVzaXplIDEwMjR4MTAyNFx1MDAzZSJdXQ.jpg?sha=e9e3f28a5b24f579
19632.0,10 Origin,Print,1942,1940–1959 (Абстрактный экспрессионизм),Абстрактный экспрессионизм,"Portfolio of six linoleum cuts, three woodcuts, and one lithograph",https://www.moma.org/media/W1siZiIsIjQ3NTQzOCJdLFsicCIsImNvbnZlcnQiLCItcmVzaXplIDEwMjR4MTAyNFx1MDAzZSJdXQ.jpg?sha=4a3f9928d6b1fbd8
19633.0,Plate (folio 22) from 10 Origin,Print,1942,1940–1959 (Абстрактный экспрессионизм),Абстрактный экспрессионизм,"Linoleum cut from a portfolio of six linoleum cuts, three woodcuts, and one lithograph",https://www.moma.org/media/W1siZiIsIjQ3NTU4NCJdLFsicCIsImNvbnZlcnQiLCItcmVzaXplIDEwMjR4MTAyNFx1MDAzZSJdXQ.jpg?sha=94cc88429567ee46
19634.0,Plate (folio 6) from 10 Origin,Print,1942,1940–1959 (Абстрактный экспрессионизм),Абстрактный экспрессионизм,"Linoleum cut from a portfolio of six linoleum cuts, three woodcuts, and one lithograph",https://www.moma.org/media/W1siZiIsIjQ3NTU4NSJdLFsicCIsImNvbnZlcnQiLCItcmVzaXplIDEwMjR4MTAyNFx1MDAzZSJdXQ.jpg?sha=34d86979d18abbd6
19635.0,Plate (folio 8) from 10 Origin,Print,1942,1940–1959 (Абстрактный экспрессионизм),Абстрактный экспрессионизм,"Linoleum cut from a portfolio of six linoleum cuts, three woodcuts, and one lithograph",https://www.moma.org/media/W1siZiIsIjQ3NTQ0MCJdLFsicCIsImNvbnZlcnQiLCItcmVzaXplIDEwMjR4MTAyNFx1MDAzZSJdXQ.jpg?sha=ee88004851f635b2
19636.0,Plate (folio 10) from 10 Origin,Print,1942,1940–1959 (Абстрактный экспрессионизм),Абстрактный экспрессионизм,"Lithograph from a portfolio of six linoleum cuts, three woodcuts, and one lithograph",https://www.moma.org/media/W1siZiIsIjQ3NTU4NiJdLFsicCIsImNvbnZlcnQiLCItcmVzaXplIDEwMjR4MTAyNFx1MDAzZSJdXQ.jpg?sha=fd1548ba47c70527
19637.0,Plate (folio 12) from 10 Origin,Print,1942,1940–1959 (Абстрактный экспрессионизм),Абстрактный экспрессионизм,"Woodcut from a portfolio of six linoleum cuts, three woodcuts, and one lithograph",https://www.moma.org/media/W1siZiIsIjQ3NTU1MCJdLFsicCIsImNvbnZlcnQiLCItcmVzaXplIDEwMjR4MTAyNFx1MDAzZSJdXQ.jpg?sha=1a07a8f624ebb785
19638.0,Plate (folio 14) from 10 Origin,Print,1942,1940–1959 (Абстрактный экспрессионизм),Абстрактный экспрессионизм,"Linoleum cut from a portfolio of six linoleum cuts, three woodcuts, and one lithograph",https://www.moma.org/media/W1siZiIsIjQ3NTU4NyJdLFsicCIsImNvbnZlcnQiLCItcmVzaXplIDEwMjR4MTAyNFx1MDAzZSJdXQ.jpg?sha=46a406839794cfdc
19639.0,Plate (folio 16) from 10 Origin,Print,1942,1940–1959 (Абстрактный экспрессионизм),Абстрактный экспрессионизм,"Linoleum cut from a portfolio of six linoleum cuts, three woodcuts, and one lithograph",https://www.moma.org/media/W1siZiIsIjQ3NTU4OCJdLFsicCIsImNvbnZlcnQiLCItcmVzaXplIDEwMjR4MTAyNFx1MDAzZSJdXQ.jpg?sha=db8ee49a4585d4e3
19640.0,Plate (folio 18) from 10 Origin,Print,1942,1940–1959 (Абстрактный экспрессионизм),Абстрактный экспрессионизм,"Woodcut from a portfolio of six linoleum cuts, three woodcuts, and one lithograph",https://www.moma.org/media/W1siZiIsIjQ3NTU4OSJdLFsicCIsImNvbnZlcnQiLCItcmVzaXplIDEwMjR4MTAyNFx1MDAzZSJdXQ.jpg?sha=d89d1ae513a4f2c8
19641.0,Plate from 10 Origin,Print,1942,1940–1959 (Абстрактный экспрессионизм),Абстрактный экспрессионизм,"Linoleum cut from a portfolio of six linoleum cuts, three woodcuts, and one lithograph",https://www.moma.org/media/W1siZiIsIjQ3NTU1MSJdLFsicCIsImNvbnZlcnQiLCItcmVzaXplIDEwMjR4MTAyNFx1MDAzZSJdXQ.jpg?sha=f55c8f8f9d8ae085
19811.0,"Trial proof for We Think Ourselves Kings, plate VII from Miserere",Print,1923,"1915–1939 (Авангард, Конструктивизм, Сюрреализм)","Авангард, Конструктивизм, Сюрреализм",Aquatint with roulette over photogravure,https://www.moma.org/media/W1siZiIsIjIyMDExNyJdLFsicCIsImNvbnZlcnQiLCItcmVzaXplIDEwMjR4MTAyNFx1MDAzZSJdXQ.jpg?sha=fa534ebccf40b29d
19822.0,"Trial proof for Abandoned, rejected plate from Miserere",Print,1922,"1915–1939 (Авангард, Конструктивизм, Сюрреализм)","Авангард, Конструктивизм, Сюрреализм",Aquatint with roulette over photogravure,https://www.moma.org/media/W1siZiIsIjIyMDExOCJdLFsicCIsImNvbnZlcnQiLCItcmVzaXplIDEwMjR4MTAyNFx1MDAzZSJdXQ.jpg?sha=2b5935e7bbe4cc0d
20236.0,Caliban from the portfolio Visions of Shakespeare (Shakespeare Visionen),Print,1918,"1915–1939 (Авангард, Конструктивизм, Сюрреализм)","Авангард, Конструктивизм, Сюрреализм",Lithograph,https://www.moma.org/media/W1siZiIsIjExODY3MCJdLFsicCIsImNvbnZlcnQiLCItcmVzaXplIDEwMjR4MTAyNFx1MDAzZSJdXQ.jpg?sha=234f3d4ed6ea2ff7
21924.0,"Trial proof for Old Mother, Now Cries Alone",Print,1922,"1915–1939 (Авангард, Конструктивизм, Сюрреализм)","Авангард, Конструктивизм, Сюрреализм","Lift ground aquatint, aquatint, and drypoint over photogravure",https://www.moma.org/media/W1siZiIsIjIyMDEyNiJdLFsicCIsImNvbnZlcnQiLCItcmVzaXplIDEwMjR4MTAyNFx1MDAzZSJdXQ.jpg?sha=f35c1aeaaeb7fef0
22273.0,Untitled from My Life,Print,1922,"1915–1939 (Авангард, Конструктивизм, Сюрреализм)","Авангард, Конструктивизм, Сюрреализм","Title page with hand additions from a portfolio of twenty etchings, fifteen with drypoint",https://www.moma.org/media/W1siZiIsIjEyMjA4NCJdLFsicCIsImNvbnZlcnQiLCItcmVzaXplIDEwMjR4MTAyNFx1MDAzZSJdXQ.jpg?sha=64135133a9809a5d
24653.0,"Trial proof for The Bad Grain Will Be Removed Tomorrow I, rejected plate from Miserere",Print,1922,"1915–1939 (Авангард, Конструктивизм, Сюрреализм)","Авангард, Конструктивизм, Сюрреализм","Lift ground aquatint and aquatint over photogravure
",https://www.moma.org/media/W1siZiIsIjIyMDEyOSJdLFsicCIsImNvbnZlcnQiLCItcmVzaXplIDEwMjR4MTAyNFx1MDAzZSJdXQ.jpg?sha=f454458ba88106b9
